conv_id,topic
deepseek_3,0
deepseek_4,0
deepseek_5,0
deepseek_13,-1
deepseek_14,0
deepseek_16,-1
deepseek_17,0
deepseek_18,0
deepseek_20,0
deepseek_21,0
deepseek_26,0
deepseek_28,0
deepseek_29,0
deepseek_39,0
deepseek_40,0
deepseek_42,0
deepseek_43,-1
deepseek_48,0
deepseek_49,0
deepseek_50,0
deepseek_51,0
deepseek_52,0
deepseek_53,0
deepseek_61,-1
deepseek_70,0
deepseek_72,0
deepseek_74,0
deepseek_75,-1
deepseek_76,-1
deepseek_77,-1
deepseek_82,-1
deepseek_85,-1
deepseek_94,0
deepseek_97,0
deepseek_109,0
deepseek_111,0
deepseek_115,0
deepseek_122,0
deepseek_123,-1
deepseek_124,-1
deepseek_125,-1
deepseek_127,-1
deepseek_137,0
deepseek_138,0
deepseek_139,0
deepseek_140,0
deepseek_141,-1
deepseek_147,2
deepseek_148,2
deepseek_154,0
deepseek_156,0
deepseek_159,0
deepseek_160,0
deepseek_165,0
deepseek_166,0
deepseek_167,0
deepseek_173,0
deepseek_176,0
deepseek_177,0
deepseek_178,0
deepseek_179,0
deepseek_180,0
deepseek_181,0
deepseek_188,0
deepseek_189,0
deepseek_194,0
deepseek_196,0
deepseek_197,0
deepseek_198,0
deepseek_202,0
deepseek_204,0
deepseek_205,0
deepseek_206,0
deepseek_208,0
deepseek_210,0
deepseek_212,-1
deepseek_227,0
deepseek_228,0
deepseek_231,-1
deepseek_234,11
deepseek_236,0
deepseek_238,2
deepseek_252,-1
deepseek_258,0
deepseek_260,0
deepseek_261,0
deepseek_262,0
deepseek_266,0
deepseek_269,0
deepseek_270,0
deepseek_271,0
deepseek_273,-1
deepseek_283,-1
deepseek_297,0
deepseek_305,-1
deepseek_306,-1
deepseek_307,-1
deepseek_308,0
deepseek_309,0
deepseek_311,0
deepseek_313,0
deepseek_314,0
deepseek_315,0
deepseek_316,0
deepseek_340,3
deepseek_349,2
deepseek_350,-1
deepseek_357,-1
deepseek_358,-1
deepseek_359,-1
deepseek_360,-1
deepseek_365,0
deepseek_368,-1
deepseek_369,0
deepseek_378,-1
deepseek_379,-1
deepseek_388,-1
deepseek_389,-1
deepseek_390,-1
deepseek_391,-1
deepseek_396,6
deepseek_410,0
deepseek_411,0
deepseek_412,0
deepseek_416,-1
deepseek_417,-1
deepseek_418,0
deepseek_419,0
deepseek_420,0
deepseek_436,0
deepseek_439,0
deepseek_441,0
deepseek_442,0
deepseek_443,0
deepseek_444,0
deepseek_446,0
deepseek_447,0
deepseek_454,0
deepseek_455,0
deepseek_461,0
deepseek_462,-1
deepseek_463,0
deepseek_469,-1
deepseek_478,6
deepseek_479,-1
deepseek_485,-1
deepseek_488,6
deepseek_489,6
deepseek_491,2
deepseek_493,2
deepseek_500,0
deepseek_501,0
deepseek_502,0
deepseek_503,0
deepseek_505,-1
deepseek_506,-1
deepseek_507,0
deepseek_513,10
deepseek_520,-1
deepseek_523,2
deepseek_529,0
deepseek_530,0
deepseek_539,0
deepseek_551,2
deepseek_552,2
deepseek_553,2
deepseek_554,2
deepseek_555,2
deepseek_556,2
deepseek_558,2
deepseek_559,2
deepseek_560,2
deepseek_561,2
deepseek_562,2
deepseek_563,2
deepseek_566,0
deepseek_567,0
deepseek_568,0
deepseek_569,0
deepseek_570,0
deepseek_571,0
deepseek_585,-1
deepseek_586,-1
deepseek_587,0
deepseek_597,-1
deepseek_598,0
deepseek_599,0
deepseek_601,0
deepseek_603,0
deepseek_604,0
deepseek_605,0
deepseek_610,0
deepseek_618,0
deepseek_624,0
deepseek_626,0
deepseek_629,0
deepseek_630,0
deepseek_633,-1
deepseek_634,-1
deepseek_635,2
deepseek_636,2
deepseek_637,2
deepseek_638,2
deepseek_639,2
deepseek_640,2
deepseek_641,2
deepseek_642,2
deepseek_643,2
deepseek_644,2
deepseek_645,2
deepseek_646,2
deepseek_648,2
deepseek_649,2
deepseek_650,2
deepseek_651,2
deepseek_653,2
deepseek_654,2
deepseek_655,2
deepseek_656,2
deepseek_657,2
deepseek_658,2
deepseek_659,0
deepseek_660,-1
deepseek_661,1
deepseek_662,3
deepseek_666,3
deepseek_667,-1
deepseek_670,0
deepseek_672,0
deepseek_673,0
deepseek_674,0
deepseek_675,0
deepseek_676,0
deepseek_678,0
deepseek_679,0
deepseek_684,0
deepseek_685,0
deepseek_696,-1
deepseek_710,-1
deepseek_712,-1
deepseek_713,3
deepseek_714,3
deepseek_723,14
deepseek_725,14
deepseek_726,14
deepseek_727,14
deepseek_730,14
deepseek_731,14
deepseek_732,14
deepseek_733,14
deepseek_747,0
deepseek_749,14
deepseek_750,0
deepseek_751,0
deepseek_752,0
deepseek_766,-1
deepseek_767,-1
deepseek_768,0
deepseek_769,0
deepseek_776,0
deepseek_787,-1
deepseek_792,-1
deepseek_793,-1
deepseek_794,0
deepseek_795,-1
deepseek_801,6
deepseek_803,6
deepseek_823,-1
deepseek_826,-1
deepseek_845,-1
deepseek_848,-1
deepseek_859,0
deepseek_860,0
deepseek_865,2
deepseek_869,0
deepseek_870,0
deepseek_871,0
deepseek_873,0
deepseek_886,0
deepseek_895,0
deepseek_896,0
deepseek_899,-1
deepseek_900,-1
deepseek_901,-1
deepseek_902,-1
deepseek_903,0
deepseek_905,0
deepseek_906,0
deepseek_908,-1
deepseek_915,0
deepseek_923,-1
deepseek_932,-1
deepseek_935,0
deepseek_938,0
deepseek_940,0
deepseek_943,0
deepseek_950,0
deepseek_951,0
deepseek_953,2
deepseek_954,0
deepseek_956,0
deepseek_964,0
deepseek_968,0
deepseek_969,0
deepseek_970,0
deepseek_972,0
deepseek_973,0
deepseek_974,0
deepseek_976,0
deepseek_977,0
deepseek_978,0
deepseek_980,0
deepseek_981,0
deepseek_986,-1
deepseek_991,0
deepseek_992,0
deepseek_994,0
deepseek_995,0
deepseek_998,0
deepseek_999,0
deepseek_1000,0
deepseek_1001,0
deepseek_1009,-1
deepseek_1016,-1
deepseek_1018,-1
deepseek_1019,-1
deepseek_1025,0
deepseek_1027,0
deepseek_1030,0
deepseek_1039,1
deepseek_1040,1
deepseek_1054,0
deepseek_1055,-1
deepseek_1063,0
deepseek_1071,-1
deepseek_1073,0
deepseek_1074,0
deepseek_1075,0
deepseek_1076,0
deepseek_1078,0
deepseek_1079,0
deepseek_1080,0
deepseek_1081,0
deepseek_1082,0
deepseek_1083,0
deepseek_1085,0
deepseek_1086,0
deepseek_1087,0
deepseek_1088,0
deepseek_1089,0
deepseek_1090,0
deepseek_1091,0
deepseek_1092,0
deepseek_1093,0
deepseek_1094,0
deepseek_1095,0
deepseek_1096,0
deepseek_1097,0
deepseek_1098,0
deepseek_1099,0
deepseek_1101,0
deepseek_1103,0
deepseek_1110,1
deepseek_1111,1
deepseek_1112,1
deepseek_1113,1
deepseek_1114,1
deepseek_1116,0
deepseek_1117,0
deepseek_1118,0
deepseek_1119,0
deepseek_1120,0
deepseek_1123,0
deepseek_1130,0
deepseek_1131,-1
deepseek_1133,0
deepseek_1136,-1
deepseek_1143,-1
deepseek_1145,-1
deepseek_1149,-1
deepseek_1150,-1
deepseek_1151,-1
deepseek_1152,-1
deepseek_1153,-1
deepseek_1154,-1
deepseek_1156,0
deepseek_1157,2
deepseek_1160,0
deepseek_1162,0
deepseek_1166,-1
deepseek_1174,8
deepseek_1182,-1
deepseek_1183,-1
deepseek_1184,-1
deepseek_1185,-1
deepseek_1190,1
deepseek_1193,0
deepseek_1214,-1
deepseek_1215,-1
deepseek_1216,-1
deepseek_1217,0
deepseek_1218,-1
deepseek_1219,-1
deepseek_1220,-1
deepseek_1226,-1
deepseek_1227,0
deepseek_1228,0
deepseek_1233,-1
deepseek_1234,-1
deepseek_1237,-1
deepseek_1240,1
deepseek_1241,1
deepseek_1244,0
deepseek_1245,0
deepseek_1246,0
deepseek_1247,0
deepseek_1257,0
deepseek_1258,0
deepseek_1260,-1
deepseek_1264,0
deepseek_1270,0
deepseek_1271,0
deepseek_1272,0
deepseek_1273,0
deepseek_1277,0
deepseek_1278,0
deepseek_1285,0
deepseek_1291,0
deepseek_1292,0
deepseek_1293,0
deepseek_1295,0
deepseek_1296,-1
deepseek_1298,0
deepseek_1299,0
deepseek_1300,0
deepseek_1301,-1
deepseek_1302,-1
deepseek_1303,-1
deepseek_1304,0
deepseek_1305,0
deepseek_1323,0
deepseek_1324,0
deepseek_1325,0
deepseek_1330,-1
deepseek_1331,-1
deepseek_1332,3
deepseek_1333,3
deepseek_1335,0
deepseek_1343,-1
deepseek_1344,0
deepseek_1346,-1
deepseek_1347,-1
deepseek_1351,0
deepseek_1365,0
deepseek_1368,-1
deepseek_1381,0
deepseek_1382,-1
deepseek_1383,0
deepseek_1384,0
deepseek_1395,-1
deepseek_1396,-1
deepseek_1398,0
deepseek_1399,-1
deepseek_1400,-1
deepseek_1401,-1
deepseek_1422,0
deepseek_1423,0
deepseek_1424,0
deepseek_1425,0
deepseek_1426,0
deepseek_1427,0
deepseek_1428,0
deepseek_1429,0
deepseek_1430,0
deepseek_1433,0
deepseek_1434,0
deepseek_1435,0
deepseek_1436,0
deepseek_1437,0
deepseek_1440,0
deepseek_1441,3
deepseek_1442,0
deepseek_1443,-1
deepseek_1446,0
deepseek_1448,-1
deepseek_1454,-1
deepseek_1458,-1
deepseek_1461,0
deepseek_1462,0
deepseek_1463,-1
deepseek_1464,-1
deepseek_1466,-1
deepseek_1468,-1
deepseek_1483,0
deepseek_1484,0
deepseek_1485,0
deepseek_1486,0
deepseek_1487,-1
deepseek_1488,-1
deepseek_1489,0
deepseek_1490,-1
deepseek_1491,0
deepseek_1498,10
deepseek_1506,10
deepseek_1507,-1
deepseek_1508,10
deepseek_1515,-1
deepseek_1516,0
deepseek_1517,0
deepseek_1520,0
deepseek_1525,-1
deepseek_1527,0
deepseek_1528,0
deepseek_1533,0
deepseek_1534,-1
deepseek_1546,0
deepseek_1548,-1
deepseek_1549,0
deepseek_1550,0
deepseek_1552,0
deepseek_1553,0
deepseek_1554,0
deepseek_1556,0
deepseek_1559,0
deepseek_1566,-1
deepseek_1573,-1
deepseek_1574,-1
deepseek_1575,-1
deepseek_1576,-1
deepseek_1581,6
deepseek_1592,6
deepseek_1593,-1
deepseek_1594,0
deepseek_1595,0
deepseek_1596,0
deepseek_1597,0
deepseek_1598,0
deepseek_1599,0
deepseek_1600,0
deepseek_1601,0
deepseek_1602,-1
deepseek_1603,0
deepseek_1606,0
deepseek_1607,0
deepseek_1609,0
deepseek_1610,0
deepseek_1612,0
deepseek_1614,0
deepseek_1615,0
deepseek_1616,0
deepseek_1621,0
deepseek_1626,0
deepseek_1627,0
deepseek_1631,0
deepseek_1632,0
deepseek_1633,0
deepseek_1635,0
deepseek_1636,0
deepseek_1637,0
deepseek_1651,0
deepseek_1652,0
deepseek_1653,0
deepseek_1654,-1
deepseek_1660,0
deepseek_1661,0
deepseek_1662,-1
deepseek_1665,-1
deepseek_1668,-1
deepseek_1671,-1
deepseek_1675,0
deepseek_1676,3
deepseek_1679,-1
deepseek_1681,-1
deepseek_1692,0
deepseek_1709,-1
deepseek_1712,0
deepseek_1714,-1
deepseek_1721,0
deepseek_1725,0
deepseek_1726,0
deepseek_1732,0
deepseek_1733,0
deepseek_1735,0
deepseek_1739,0
deepseek_1743,0
deepseek_1753,0
deepseek_1755,0
deepseek_1756,0
deepseek_1757,-1
deepseek_1758,-1
deepseek_1759,0
deepseek_1760,0
deepseek_1761,0
deepseek_1762,0
deepseek_1763,0
deepseek_1764,0
deepseek_1765,0
deepseek_1766,0
deepseek_1767,0
deepseek_1768,0
deepseek_1769,0
deepseek_1770,0
deepseek_1771,0
deepseek_1776,-1
deepseek_1779,0
deepseek_1780,0
deepseek_1782,0
deepseek_1785,-1
deepseek_1789,0
deepseek_1790,-1
deepseek_1792,0
deepseek_1796,-1
deepseek_1800,0
deepseek_1802,0
deepseek_1805,-1
deepseek_1806,0
deepseek_1839,0
deepseek_1842,-1
deepseek_1844,-1
deepseek_1847,-1
deepseek_1851,0
deepseek_1852,-1
deepseek_1853,0
deepseek_1854,0
deepseek_1859,3
deepseek_1860,3
deepseek_1861,3
deepseek_1865,3
deepseek_1866,3
deepseek_1867,3
deepseek_1875,0
deepseek_1876,0
deepseek_1877,0
deepseek_1878,0
deepseek_1879,0
deepseek_1880,0
deepseek_1881,0
deepseek_1899,0
deepseek_1919,-1
deepseek_1920,-1
deepseek_1925,11
deepseek_1927,-1
deepseek_1928,2
deepseek_1932,-1
deepseek_1933,-1
deepseek_1939,-1
deepseek_1940,-1
deepseek_1943,-1
deepseek_1944,0
deepseek_1945,0
deepseek_1946,0
deepseek_1947,0
deepseek_1950,0
deepseek_1953,-1
deepseek_1956,0
deepseek_1957,0
deepseek_1964,-1
deepseek_1970,-1
deepseek_1971,0
deepseek_1975,2
deepseek_1976,2
deepseek_1981,11
deepseek_1983,11
deepseek_1986,2
deepseek_1987,0
deepseek_1988,0
deepseek_1989,11
deepseek_1991,11
deepseek_1992,2
deepseek_1993,2
deepseek_2006,0
deepseek_2007,0
deepseek_2008,0
deepseek_2011,0
deepseek_2013,0
deepseek_2017,0
deepseek_2019,0
deepseek_2021,0
deepseek_2022,0
deepseek_2027,0
deepseek_2028,0
deepseek_2031,0
deepseek_2033,0
deepseek_2036,-1
deepseek_2049,0
deepseek_2052,0
deepseek_2054,0
deepseek_2059,0
deepseek_2062,0
deepseek_2067,-1
deepseek_2069,0
deepseek_2070,0
deepseek_2071,-1
deepseek_2074,2
deepseek_2076,0
deepseek_2077,0
deepseek_2078,0
deepseek_2080,0
deepseek_2084,0
deepseek_2098,2
deepseek_2101,1
deepseek_2106,-1
deepseek_2110,0
deepseek_2112,0
deepseek_2113,0
deepseek_2114,0
deepseek_2115,0
deepseek_2116,0
deepseek_2117,2
deepseek_2120,-1
deepseek_2121,0
deepseek_2122,0
deepseek_2123,0
deepseek_2128,2
deepseek_2132,2
deepseek_2143,0
deepseek_2145,0
deepseek_2146,0
deepseek_2147,0
deepseek_2148,2
deepseek_2164,0
deepseek_2165,-1
deepseek_2167,-1
deepseek_2174,0
deepseek_2175,0
deepseek_2180,0
deepseek_2183,0
deepseek_2184,11
deepseek_2185,11
deepseek_2186,11
deepseek_2187,11
deepseek_2188,11
deepseek_2189,11
deepseek_2195,2
deepseek_2197,0
deepseek_2202,2
deepseek_2206,0
deepseek_2208,0
deepseek_2211,0
deepseek_2214,-1
deepseek_2216,0
deepseek_2217,-1
deepseek_2218,0
deepseek_2219,0
deepseek_2220,0
deepseek_2222,-1
deepseek_2231,-1
deepseek_2236,-1
deepseek_2237,3
deepseek_2238,3
deepseek_2240,3
deepseek_2241,3
deepseek_2242,3
deepseek_2243,3
deepseek_2244,3
deepseek_2245,3
deepseek_2246,3
deepseek_2252,0
deepseek_2261,0
deepseek_2262,0
deepseek_2266,-1
deepseek_2269,0
deepseek_2271,0
deepseek_2272,0
deepseek_2283,0
deepseek_2284,0
deepseek_2285,0
deepseek_2286,0
deepseek_2287,0
deepseek_2289,0
deepseek_2294,0
deepseek_2306,0
deepseek_2307,0
deepseek_2312,0
deepseek_2313,-1
deepseek_2314,-1
deepseek_2315,-1
deepseek_2317,0
deepseek_2327,0
deepseek_2328,0
deepseek_2329,0
deepseek_2330,0
deepseek_2333,1
deepseek_2335,1
deepseek_2336,1
deepseek_2369,0
deepseek_2370,0
claude_1,1
claude_4,-1
claude_5,-1
claude_18,3
claude_21,1
claude_22,1
claude_34,3
claude_37,-1
claude_38,-1
claude_39,-1
claude_45,-1
claude_49,1
claude_52,6
claude_62,6
claude_73,6
claude_74,6
claude_88,-1
claude_89,1
claude_118,3
claude_120,3
claude_122,3
claude_123,3
claude_124,3
claude_125,3
claude_126,3
claude_129,3
claude_139,-1
claude_140,1
claude_141,1
claude_142,1
claude_144,-1
claude_145,1
claude_146,1
claude_147,1
claude_148,1
claude_149,1
claude_151,1
claude_154,1
claude_160,2
claude_161,1
claude_162,1
claude_171,-1
claude_175,-1
claude_217,-1
claude_219,-1
claude_221,-1
claude_222,-1
claude_223,-1
claude_227,3
claude_230,3
claude_232,3
claude_234,3
claude_236,3
claude_237,3
claude_239,3
claude_245,-1
claude_246,3
claude_252,-1
claude_253,-1
claude_255,-1
claude_256,2
claude_259,1
claude_260,1
claude_261,2
claude_262,2
claude_270,8
claude_271,2
claude_272,2
claude_274,-1
claude_282,-1
claude_284,-1
claude_285,-1
claude_288,1
claude_289,1
claude_290,1
claude_291,1
claude_292,1
claude_293,1
claude_295,1
claude_298,1
claude_302,1
claude_303,1
claude_304,1
claude_305,1
claude_307,1
claude_308,1
claude_310,1
claude_311,-1
claude_312,1
claude_313,1
claude_315,1
claude_316,1
claude_318,-1
claude_320,17
claude_321,17
claude_322,17
claude_323,17
claude_324,17
claude_325,17
claude_326,17
claude_327,1
claude_329,17
claude_332,1
claude_334,-1
claude_338,1
claude_339,1
claude_340,1
claude_341,1
claude_342,-1
claude_343,1
claude_344,1
claude_345,1
claude_349,12
claude_350,12
claude_351,12
claude_352,12
claude_353,12
claude_354,12
claude_356,1
claude_357,1
claude_362,-1
claude_363,-1
claude_364,-1
claude_365,-1
claude_367,-1
claude_369,-1
claude_374,3
claude_378,1
claude_379,1
claude_382,0
claude_383,-1
claude_384,-1
claude_390,-1
claude_398,8
claude_399,8
claude_402,8
claude_403,-1
claude_405,8
claude_408,-1
claude_409,3
claude_410,-1
claude_414,3
claude_415,0
claude_424,0
claude_430,-1
claude_431,6
claude_433,13
claude_434,13
claude_435,13
claude_436,13
claude_437,13
claude_438,13
claude_439,13
claude_440,13
claude_448,1
claude_461,-1
claude_483,1
claude_498,1
claude_505,1
claude_506,3
claude_511,3
claude_513,3
claude_514,3
claude_521,3
claude_522,3
claude_527,-1
claude_529,3
claude_534,3
claude_535,-1
claude_536,-1
claude_539,-1
claude_543,-1
claude_545,3
claude_546,3
claude_550,-1
claude_551,1
claude_559,1
claude_582,2
claude_585,-1
claude_595,1
claude_596,1
claude_609,10
claude_612,10
claude_613,1
claude_614,3
claude_617,3
claude_627,-1
claude_629,1
claude_636,1
claude_637,1
claude_638,1
claude_639,1
claude_640,1
claude_641,1
claude_642,1
claude_647,-1
claude_653,-1
claude_654,-1
claude_656,-1
claude_665,1
claude_696,3
claude_700,7
claude_707,7
claude_708,7
claude_709,7
claude_710,7
claude_712,7
claude_713,7
claude_716,7
claude_718,-1
claude_723,7
claude_727,7
claude_728,7
claude_729,7
claude_730,7
claude_731,7
claude_732,7
claude_733,7
claude_734,7
claude_738,7
claude_739,7
claude_740,7
claude_741,7
claude_742,7
claude_749,1
claude_752,15
claude_753,15
claude_754,15
claude_755,15
claude_757,15
claude_758,15
claude_759,15
claude_760,15
claude_761,1
claude_762,1
claude_766,1
claude_767,-1
claude_769,1
claude_774,-1
claude_775,0
claude_776,0
claude_777,0
claude_783,-1
claude_795,1
claude_796,1
claude_797,1
claude_798,0
claude_800,0
claude_803,-1
claude_804,-1
claude_808,0
claude_809,0
claude_830,18
claude_841,3
claude_842,-1
claude_843,1
claude_852,1
claude_853,1
claude_866,8
claude_867,8
claude_868,8
claude_869,8
claude_873,8
claude_874,8
claude_880,1
claude_881,1
claude_884,7
claude_885,1
claude_886,1
claude_887,1
claude_888,1
claude_889,1
claude_890,1
claude_891,1
claude_892,1
claude_893,1
claude_894,-1
claude_895,-1
claude_901,-1
claude_902,-1
claude_903,-1
claude_907,-1
claude_908,1
claude_911,1
claude_912,1
claude_917,1
claude_918,-1
claude_919,-1
claude_920,-1
claude_921,1
claude_922,1
claude_923,-1
claude_924,1
claude_925,1
claude_926,1
claude_928,1
claude_929,1
claude_930,1
claude_932,1
claude_933,1
claude_935,1
claude_957,1
claude_958,1
claude_962,-1
claude_963,-1
claude_965,1
claude_974,1
claude_975,1
claude_976,1
claude_977,1
claude_978,1
claude_979,1
claude_985,-1
claude_987,-1
claude_991,3
claude_1001,3
claude_1002,3
claude_1005,3
claude_1024,1
claude_1027,1
claude_1029,-1
claude_1030,-1
claude_1042,1
claude_1052,-1
claude_1070,1
claude_1072,-1
claude_1077,0
claude_1079,-1
claude_1080,-1
claude_1082,3
claude_1083,3
claude_1084,3
claude_1086,1
claude_1088,1
claude_1089,1
claude_1090,1
claude_1091,1
claude_1092,1
claude_1093,0
claude_1094,0
claude_1095,0
claude_1099,2
claude_1100,-1
claude_1102,-1
claude_1103,-1
claude_1107,1
claude_1108,1
claude_1113,3
claude_1114,-1
claude_1115,-1
claude_1116,1
claude_1117,1
claude_1118,1
claude_1119,1
claude_1121,1
claude_1127,1
claude_1139,3
claude_1145,2
claude_1148,1
claude_1162,-1
claude_1165,-1
claude_1168,1
claude_1171,1
claude_1177,-1
claude_1178,-1
claude_1179,-1
claude_1183,-1
claude_1186,4
claude_1190,18
claude_1196,-1
claude_1198,18
claude_1205,-1
claude_1206,18
claude_1236,8
claude_1238,8
claude_1263,3
claude_1272,3
claude_1274,3
claude_1278,3
claude_1305,0
claude_1306,0
claude_1316,0
claude_1367,-1
claude_1368,-1
claude_1376,-1
claude_1389,1
claude_1391,1
claude_1393,-1
claude_1394,1
claude_1395,1
claude_1398,-1
claude_1406,18
claude_1423,-1
claude_1425,16
claude_1430,16
claude_1440,0
claude_1441,-1
claude_1459,-1
claude_1466,16
claude_1472,16
claude_1473,16
claude_1474,16
claude_1476,16
claude_1482,16
claude_1483,16
claude_1489,3
claude_1490,1
claude_1502,-1
claude_1516,3
claude_1521,2
claude_1522,2
claude_1523,-1
claude_1525,-1
claude_1526,-1
claude_1529,1
claude_1530,2
claude_1536,1
claude_1537,1
claude_1539,1
claude_1540,1
claude_1542,1
claude_1543,1
claude_1544,1
claude_1545,2
claude_1553,1
claude_1562,-1
claude_1563,-1
claude_1565,1
claude_1566,1
claude_1569,1
claude_1570,1
claude_1571,8
claude_1572,1
claude_1574,-1
claude_1575,1
claude_1577,1
claude_1578,1
claude_1589,1
claude_1590,1
claude_1595,2
claude_1596,-1
claude_1597,2
claude_1598,-1
claude_1599,1
claude_1600,-1
claude_1601,1
claude_1602,-1
claude_1603,-1
claude_1604,1
claude_1606,1
claude_1607,1
claude_1610,-1
claude_1612,-1
claude_1613,1
claude_1614,-1
claude_1627,2
claude_1629,2
claude_1630,2
claude_1631,-1
claude_1633,-1
claude_1637,1
claude_1638,1
claude_1639,1
claude_1640,1
claude_1641,-1
claude_1649,-1
claude_1662,2
claude_1666,3
claude_1667,3
claude_1672,-1
claude_1677,-1
claude_1678,12
claude_1681,12
claude_1682,12
claude_1683,12
claude_1684,12
claude_1685,12
claude_1686,12
claude_1690,3
claude_1691,3
claude_1692,1
claude_1693,3
claude_1697,1
claude_1698,-1
claude_1701,1
claude_1705,-1
claude_1706,-1
claude_1715,1
claude_1716,-1
claude_1717,-1
claude_1718,-1
claude_1724,1
claude_1725,1
claude_1727,1
claude_1728,1
claude_1730,-1
claude_1732,1
claude_1733,1
claude_1734,1
claude_1735,-1
claude_1740,8
claude_1742,8
claude_1743,-1
claude_1744,1
claude_1747,1
claude_1748,-1
claude_1750,0
claude_1757,1
claude_1758,-1
claude_1760,-1
claude_1761,-1
claude_1762,-1
claude_1763,15
claude_1777,0
claude_1785,-1
claude_1786,3
claude_1789,1
claude_1797,-1
claude_1799,-1
claude_1800,3
claude_1801,3
claude_1802,1
claude_1803,-1
claude_1805,-1
claude_1810,1
claude_1821,1
claude_1822,1
claude_1823,1
claude_1824,1
claude_1838,1
claude_1847,1
claude_1848,1
claude_1851,1
claude_1852,1
claude_1853,1
claude_1854,1
claude_1856,-1
claude_1857,1
llama_27,7
llama_129,-1
llama_2676,2
llama_2677,2
llama_2678,2
llama_2679,2
llama_2680,-1
llama_2935,5
llama_3601,-1
llama_3615,-1
llama_3676,6
llama_4016,-1
llama_4335,0
llama_4336,0
llama_4361,2
llama_4376,2
llama_4377,2
llama_4381,-1
llama_4412,0
llama_4415,2
llama_4445,2
llama_4446,2
llama_4563,2
llama_4564,2
llama_4565,0
llama_4571,-1
llama_4578,-1
llama_4581,-1
llama_4585,2
llama_4586,2
llama_4590,8
llama_4599,1
llama_4653,2
llama_4655,2
llama_4679,-1
llama_4693,2
llama_4713,-1
llama_5647,-1
llama_5649,2
llama_5650,2
llama_5652,2
llama_5653,2
llama_5654,1
llama_5669,2
llama_5673,-1
llama_5674,-1
llama_5716,2
llama_5717,-1
llama_5725,2
llama_5755,2
llama_5756,2
llama_5757,2
llama_5758,2
llama_5761,2
llama_5796,2
llama_5797,2
llama_5798,-1
llama_5799,-1
llama_5800,2
llama_5801,-1
llama_5987,8
llama_5988,8
llama_5991,8
llama_5994,8
llama_6019,8
llama_6020,8
llama_6132,0
llama_6306,0
llama_6309,11
llama_6317,-1
llama_6504,2
llama_6505,2
llama_6506,2
llama_6515,0
llama_6517,2
llama_6521,2
llama_6522,2
llama_6523,2
llama_6527,2
llama_6529,2
llama_6530,-1
llama_6533,0
llama_6534,2
llama_6535,-1
llama_6536,2
llama_6538,2
llama_6541,11
llama_6546,2
llama_6549,-1
llama_6595,2
llama_6596,2
llama_6597,2
llama_6598,2
llama_6631,-1
llama_6633,13
llama_6641,13
llama_6642,13
llama_6662,3
llama_6663,3
llama_6664,3
llama_6665,3
llama_6666,3
llama_6667,3
llama_6668,3
llama_6669,3
llama_6670,3
llama_6671,3
llama_6696,2
llama_6697,2
llama_6698,2
llama_6699,2
llama_6700,2
llama_6707,-1
llama_6713,-1
llama_6716,-1
llama_6717,-1
llama_6718,-1
llama_6726,-1
llama_6731,-1
llama_6740,-1
llama_6750,2
llama_6756,2
llama_6758,1
llama_6765,-1
llama_6785,2
llama_6810,5
llama_6815,5
llama_6832,1
llama_7163,-1
llama_7224,6
llama_7225,6
llama_7226,6
llama_7230,6
llama_7249,6
llama_7323,6
llama_7398,6
llama_7404,6
llama_7417,6
llama_7418,6
llama_7419,6
llama_7426,6
llama_7636,-1
llama_7637,-1
llama_7671,2
llama_7784,2
llama_7785,5
llama_7786,5
llama_7787,5
llama_7793,5
llama_7794,5
llama_7801,2
llama_8379,5
llama_8674,5
llama_8675,5
llama_8722,6
llama_8776,2
llama_8932,-1
llama_9484,4
llama_10495,5
llama_10496,5
llama_10788,5
llama_10789,5
llama_10977,-1
llama_13100,10
llama_13124,10
llama_13125,10
llama_13385,5
llama_13850,5
llama_14358,-1
llama_14362,-1
llama_14363,-1
llama_14364,-1
llama_14365,-1
llama_14369,-1
llama_14372,2
llama_14373,-1
llama_14374,2
llama_14375,-1
llama_14376,-1
llama_14429,2
llama_14435,-1
llama_14437,2
llama_14439,-1
llama_14442,-1
llama_14455,2
llama_14464,2
llama_14514,-1
llama_14792,-1
llama_14799,5
llama_14846,-1
llama_15174,5
llama_15185,5
llama_15186,5
llama_15187,5
llama_15188,5
llama_15194,5
llama_15202,5
llama_15224,5
llama_15225,5
llama_15226,5
llama_15227,5
llama_15228,5
llama_15229,5
llama_15230,5
llama_15239,5
llama_15245,5
llama_15250,-1
llama_16568,3
llama_16634,4
llama_16636,4
llama_16637,4
llama_16638,4
llama_16639,4
llama_16640,4
llama_16641,4
llama_16643,4
llama_16648,4
llama_16658,4
llama_16661,-1
llama_16678,4
llama_16687,4
llama_16688,4
llama_16689,4
llama_16692,4
llama_16697,4
llama_16698,4
llama_16709,4
llama_16720,4
llama_16731,4
llama_16734,4
llama_16747,4
llama_16751,4
llama_16752,4
llama_16759,4
llama_16789,-1
llama_16821,-1
llama_16822,-1
llama_16826,-1
llama_16838,-1
llama_16844,4
llama_16848,4
llama_16852,4
llama_16853,4
llama_16860,4
llama_16869,4
llama_16877,4
llama_16891,4
llama_16894,4
llama_16898,4
llama_16899,4
llama_16900,4
llama_16901,4
llama_16923,5
llama_16926,4
llama_16930,4
llama_16939,4
llama_16940,4
llama_16953,4
llama_16960,4
llama_16963,4
llama_16964,4
llama_16981,4
llama_16983,4
llama_16988,4
llama_16989,4
llama_17005,4
llama_17006,4
llama_17007,4
llama_17027,4
llama_17064,4
llama_17069,4
llama_17073,4
llama_17077,4
llama_17078,4
llama_17085,4
llama_17086,4
llama_17087,4
llama_17092,4
llama_17108,-1
llama_17111,4
llama_17120,-1
llama_17133,-1
llama_17134,-1
llama_17144,3
llama_17147,0
llama_17148,5
llama_17151,5
llama_17423,4
llama_17433,4
llama_17434,4
llama_17448,4
llama_17449,4
llama_17450,4
llama_17453,4
llama_17454,4
llama_17458,4
llama_17463,4
llama_17473,4
llama_17476,4
llama_17493,4
llama_17500,4
llama_17501,4
llama_17502,4
llama_17503,4
llama_17504,4
llama_17505,4
llama_17506,4
llama_17540,4
llama_17552,4
llama_17787,-1
llama_18032,5
llama_18035,5
llama_18037,5
llama_18165,7
llama_18182,5
llama_18183,5
llama_18188,5
llama_18189,5
llama_18190,5
llama_18191,5
llama_19276,-1
llama_19799,5
llama_20441,-1
llama_20595,-1
llama_20702,-1
llama_20854,7
llama_21180,-1
llama_21221,5
llama_21222,5
llama_21223,5
llama_21224,5
llama_21225,5
llama_21226,5
llama_21227,5
llama_21364,3
llama_21433,5
llama_21863,-1
llama_22044,2
llama_22045,2
llama_22046,2
llama_22047,-1
llama_22048,2
llama_22051,2
llama_22052,2
llama_22059,2
llama_22063,2
llama_22066,2
llama_22067,-1
llama_22074,0
llama_22076,2
llama_22077,2
llama_22089,2
llama_22118,2
llama_22119,2
llama_22126,2
llama_22127,2
llama_22128,2
llama_22129,2
llama_22130,2
llama_22149,2
llama_22150,-1
llama_22152,13
llama_22156,-1
llama_22158,2
llama_22159,2
llama_22160,13
llama_22164,2
llama_22172,2
llama_22174,2
llama_22176,2
llama_22177,2
llama_22178,2
llama_22181,2
llama_22182,2
llama_22183,2
llama_22184,2
llama_22185,2
llama_22186,2
llama_22187,2
llama_22188,2
llama_22193,2
llama_22194,2
llama_22196,2
llama_22197,2
llama_22198,2
llama_22199,2
llama_22200,2
llama_22201,2
llama_22204,2
llama_22205,2
llama_22206,2
llama_22208,2
llama_22210,2
llama_22218,-1
llama_22230,2
llama_22259,2
llama_22294,-1
llama_22303,-1
llama_22314,-1
llama_22316,-1
llama_22321,2
llama_22322,2
llama_22323,2
llama_22335,0
llama_22336,0
llama_22350,2
llama_22351,-1
llama_22370,10
llama_22371,10
llama_22373,10
llama_22374,10
llama_22376,10
llama_22377,10
llama_22378,10
llama_22380,2
llama_22381,-1
llama_22382,2
llama_22385,-1
llama_22396,10
llama_22400,1
llama_22401,2
llama_22402,2
llama_22403,1
llama_22415,1
llama_22416,1
llama_22417,1
llama_22419,1
llama_22420,1
llama_22421,1
llama_22422,1
llama_22432,2
llama_22436,1
llama_22437,2
llama_22438,2
llama_22444,2
llama_22447,2
llama_22448,2
llama_22457,-1
llama_22458,2
llama_22459,2
llama_22460,2
llama_22462,2
llama_22463,2
llama_22464,2
llama_22515,2
llama_22522,2
llama_22527,-1
llama_22530,2
llama_22531,2
llama_22532,2
llama_22533,2
llama_22748,2
llama_22762,17
llama_22823,2
llama_22825,-1
llama_22829,-1
llama_22835,-1
llama_22849,-1
llama_22892,9
llama_22894,9
llama_22895,9
llama_22896,9
llama_22897,9
llama_22898,9
llama_22899,9
llama_22900,9
llama_22901,9
llama_22902,9
llama_22903,9
llama_22904,9
llama_22905,9
llama_22906,9
llama_22907,9
llama_22908,9
llama_22909,9
llama_22919,9
llama_22930,-1
llama_22949,-1
llama_22950,5
llama_23024,4
llama_23362,5
llama_23463,5
llama_23509,5
llama_23510,5
llama_23511,5
llama_23512,5
llama_23513,5
llama_23514,5
llama_23515,5
llama_23524,5
llama_23525,5
llama_23526,5
llama_23563,5
llama_23564,5
llama_23565,5
llama_23812,1
