,add_strategy_topic,topic_label,strategy,0-10,10-20,20-30,30-40,40-50,50-60,60-70,70-80,80-90,90-100
0,0,AI Model Evaluation,Add,25,19,48,88,56,60,47,58,36,42
1,0,AI Model Evaluation,Meme,150,0,49,0,0,0,0,3,15,64
2,0,AI Model Evaluation,Original,87,7,43,17,24,17,12,10,15,69
3,1,AI-Assisted Software Development Practices,Add,11,10,25,25,31,27,21,19,20,22
4,1,AI-Assisted Software Development Practices,Meme,52,0,15,0,0,0,0,1,9,42
5,1,AI-Assisted Software Development Practices,Original,25,3,6,7,9,7,12,12,14,47
6,2,AI Model Training Costs and Efficiency,Add,3,1,16,27,37,34,22,20,16,33
7,2,AI Model Training Costs and Efficiency,Meme,54,0,22,0,0,0,0,1,2,37
8,2,AI Model Training Costs and Efficiency,Original,20,1,13,7,9,12,8,6,16,43
9,3,AI Language Models and Consciousness Debate,Add,9,4,16,11,15,8,11,6,3,9
10,3,AI Language Models and Consciousness Debate,Meme,37,0,13,0,0,0,0,0,2,22
11,3,AI Language Models and Consciousness Debate,Original,19,2,5,3,4,3,6,1,2,10
