conv_id,template_id,WC,Tone
deepseek_3,0,18,
deepseek_3,1,13,1
deepseek_3,3,15,
deepseek_3,4,12,
deepseek_3,9,29,
deepseek_4,1,15,
deepseek_4,3,13,
deepseek_4,9,25,1
deepseek_4,0,18,
deepseek_4,4,13,
deepseek_5,0,20,1
deepseek_5,1,15,99
deepseek_5,3,20,
deepseek_5,4,13,
deepseek_5,9,20,
deepseek_13,0,23,20.23
deepseek_13,1,11,99
deepseek_13,3,15,
deepseek_13,4,14,98.65
deepseek_13,9,33,
deepseek_14,0,15,20.23
deepseek_14,1,15,97.84
deepseek_14,3,12,99
deepseek_14,4,11,
deepseek_14,9,34,
deepseek_16,0,14,1
deepseek_16,1,18,
deepseek_16,3,16,96.74
deepseek_16,4,15,
deepseek_16,9,27,1
deepseek_17,0,20,1
deepseek_17,4,48,4.22
deepseek_17,3,17,
deepseek_17,1,10,
deepseek_17,9,27,
deepseek_18,0,13,
deepseek_18,1,18,93.93
deepseek_18,3,15,
deepseek_18,9,29,98.26
deepseek_18,4,13,
deepseek_20,0,13,
deepseek_20,1,18,93.93
deepseek_20,3,12,
deepseek_20,4,15,
deepseek_20,9,22,
deepseek_21,3,16,
deepseek_21,1,15,
deepseek_21,0,22,86.79
deepseek_21,4,12,
deepseek_21,9,22,86.79
deepseek_26,0,20,1
deepseek_26,1,17,95.42
deepseek_26,3,16,
deepseek_26,4,13,
deepseek_26,9,29,98.26
deepseek_28,0,27,
deepseek_28,1,11,
deepseek_28,3,11,
deepseek_28,4,12,
deepseek_28,9,28,
deepseek_29,0,17,
deepseek_29,1,11,
deepseek_29,9,27,77.5
deepseek_29,4,11,
deepseek_29,3,14,
deepseek_39,0,17,
deepseek_39,1,13,
deepseek_39,3,16,
deepseek_39,4,13,
deepseek_39,9,28,
deepseek_40,0,18,
deepseek_40,1,10,
deepseek_40,3,14,
deepseek_40,4,13,
deepseek_40,9,28,
deepseek_42,3,15,97.84
deepseek_42,1,9,
deepseek_42,4,11,99
deepseek_42,0,15,
deepseek_42,9,22,
deepseek_43,0,15,97.84
deepseek_43,1,9,99
deepseek_43,3,11,99
deepseek_43,4,11,99
deepseek_43,9,30,72.45
deepseek_48,0,14,
deepseek_48,1,14,1
deepseek_48,3,15,
deepseek_48,4,12,
deepseek_48,9,25,20.23
deepseek_49,0,14,
deepseek_49,1,14,1
deepseek_49,3,15,
deepseek_49,4,14,
deepseek_49,9,25,20.23
deepseek_50,0,21,
deepseek_50,1,20,1
deepseek_50,3,14,
deepseek_50,4,14,1
deepseek_50,9,30,1.23
deepseek_51,0,16,1
deepseek_51,1,15,1
deepseek_51,3,16,
deepseek_51,4,12,
deepseek_51,9,24,
deepseek_52,0,15,
deepseek_52,1,11,1
deepseek_52,3,13,
deepseek_52,4,13,
deepseek_52,9,28,
deepseek_53,0,14,98.65
deepseek_53,1,13,
deepseek_53,3,12,
deepseek_53,4,11,
deepseek_53,9,28,20.23
deepseek_61,0,23,1
deepseek_61,1,15,1
deepseek_61,3,17,
deepseek_61,4,13,
deepseek_61,9,29,1.05
deepseek_70,0,18,
deepseek_70,1,14,20.23
deepseek_70,3,15,
deepseek_70,4,14,
deepseek_70,9,37,2.35
deepseek_72,0,18,99
deepseek_72,1,23,
deepseek_72,3,17,95.42
deepseek_72,4,12,
deepseek_72,9,29,
deepseek_74,0,15,
deepseek_74,1,13,99
deepseek_74,3,16,
deepseek_74,4,11,
deepseek_74,9,33,
deepseek_75,0,13,
deepseek_75,1,12,
deepseek_75,3,21,
deepseek_75,4,18,
deepseek_75,9,31,70.91
deepseek_76,0,17,
deepseek_76,1,14,
deepseek_76,3,15,
deepseek_76,4,13,
deepseek_76,9,27,99
deepseek_77,0,14,1
deepseek_77,1,14,
deepseek_77,3,17,95.42
deepseek_77,4,11,99
deepseek_77,9,27,1
deepseek_82,0,17,
deepseek_82,1,23,84.9
deepseek_82,3,16,
deepseek_82,4,11,
deepseek_82,9,29,
deepseek_85,0,19,92.27
deepseek_85,1,14,1
deepseek_85,3,11,
deepseek_85,4,13,
deepseek_85,9,25,1
deepseek_94,0,17,1
deepseek_94,1,13,1
deepseek_94,3,9,1
deepseek_94,4,14,1
deepseek_94,9,14,1
deepseek_97,0,24,1
deepseek_97,1,13,
deepseek_97,3,13,
deepseek_97,4,13,
deepseek_97,9,25,20.23
deepseek_109,0,18,
deepseek_109,1,12,
deepseek_109,3,13,
deepseek_109,4,14,
deepseek_109,9,23,
deepseek_111,0,24,
deepseek_111,1,14,
deepseek_111,3,13,
deepseek_111,4,12,
deepseek_111,9,30,72.45
deepseek_115,0,20,
deepseek_115,1,11,
deepseek_115,3,10,
deepseek_115,4,15,1
deepseek_115,9,21,
deepseek_122,1,13,
deepseek_122,0,18,1
deepseek_122,3,12,
deepseek_122,4,12,1
deepseek_122,9,20,90.5
deepseek_123,0,18,1
deepseek_123,1,16,96.74
deepseek_123,3,16,
deepseek_123,4,13,1
deepseek_123,9,26,
deepseek_124,0,23,84.9
deepseek_124,1,19,20.23
deepseek_124,3,18,
deepseek_124,4,16,
deepseek_124,9,18,
deepseek_125,1,13,
deepseek_125,3,11,
deepseek_125,4,16,1
deepseek_125,0,17,
deepseek_125,9,27,1
deepseek_127,0,17,
deepseek_127,1,10,
deepseek_127,3,13,
deepseek_127,4,14,
deepseek_127,9,25,20.23
deepseek_137,1,12,
deepseek_137,3,12,
deepseek_137,4,17,
deepseek_137,9,34,
deepseek_137,0,21,
deepseek_138,3,15,
deepseek_138,0,21,1
deepseek_138,1,12,
deepseek_138,9,29,
deepseek_138,4,15,
deepseek_139,0,15,
deepseek_139,1,13,99
deepseek_139,3,14,98.65
deepseek_139,4,13,
deepseek_139,9,29,
deepseek_140,0,22,99
deepseek_140,1,16,
deepseek_140,3,12,99
deepseek_140,4,16,1
deepseek_140,9,29,
deepseek_141,0,3,
deepseek_141,1,13,
deepseek_141,3,16,
deepseek_141,4,13,
deepseek_141,9,24,
deepseek_147,0,18,
deepseek_147,1,16,
deepseek_147,3,16,
deepseek_147,4,15,
deepseek_147,9,24,
deepseek_148,1,16,
deepseek_148,0,18,
deepseek_148,3,14,
deepseek_148,4,13,
deepseek_148,9,27,
deepseek_154,1,14,
deepseek_154,3,17,20.23
deepseek_154,4,17,
deepseek_154,0,18,
deepseek_154,9,31,70.91
deepseek_156,3,14,
deepseek_156,1,10,
deepseek_156,4,13,
deepseek_156,9,25,1
deepseek_156,0,16,1
deepseek_159,0,19,92.27
deepseek_159,1,10,99
deepseek_159,3,12,
deepseek_159,4,11,
deepseek_159,9,28,75.77
deepseek_160,0,17,
deepseek_160,1,11,
deepseek_160,3,14,98.65
deepseek_160,4,12,
deepseek_160,9,28,75.77
deepseek_165,0,15,
deepseek_165,1,12,
deepseek_165,3,10,
deepseek_165,4,14,
deepseek_165,9,25,1
deepseek_166,0,21,
deepseek_166,1,13,
deepseek_166,3,12,
deepseek_166,4,12,
deepseek_166,9,28,1
deepseek_167,3,16,
deepseek_167,1,12,
deepseek_167,0,18,
deepseek_167,4,16,
deepseek_167,9,28,
deepseek_173,0,24,
deepseek_173,1,14,
deepseek_173,3,22,
deepseek_173,4,13,
deepseek_173,9,30,
deepseek_176,0,17,1
deepseek_176,1,13,1
deepseek_176,3,16,96.74
deepseek_176,4,12,
deepseek_176,9,28,75.77
deepseek_177,1,13,
deepseek_177,0,20,
deepseek_177,3,12,
deepseek_177,9,25,1
deepseek_177,4,14,1
deepseek_178,0,19,
deepseek_178,4,12,1
deepseek_178,3,15,
deepseek_178,1,14,1
deepseek_178,9,18,
deepseek_179,1,17,
deepseek_179,9,22,1
deepseek_179,0,19,
deepseek_179,3,14,20.23
deepseek_179,4,13,1
deepseek_180,1,12,1
deepseek_180,4,16,
deepseek_180,0,17,
deepseek_180,9,26,1
deepseek_180,3,18,1
deepseek_181,0,16,
deepseek_181,9,27,1
deepseek_181,1,11,1
deepseek_181,4,6,
deepseek_181,3,16,1
deepseek_188,1,12,
deepseek_188,3,15,99
deepseek_188,9,31,
deepseek_188,0,17,
deepseek_188,4,12,
deepseek_189,0,17,
deepseek_189,3,16,1
deepseek_189,9,29,74.09
deepseek_189,1,12,
deepseek_189,4,12,
deepseek_194,0,13,1
deepseek_194,1,16,
deepseek_194,3,19,
deepseek_194,4,18,
deepseek_194,9,33,1.71
deepseek_196,0,19,
deepseek_196,4,17,1
deepseek_196,1,12,
deepseek_196,3,18,1
deepseek_196,9,20,
deepseek_197,0,19,
deepseek_197,1,18,
deepseek_197,3,11,1
deepseek_197,4,16,96.74
deepseek_197,9,28,1
deepseek_198,0,18,
deepseek_198,1,12,
deepseek_198,3,13,20.23
deepseek_198,4,16,96.74
deepseek_198,9,30,1.23
deepseek_202,0,22,
deepseek_202,1,12,
deepseek_202,3,15,
deepseek_202,4,14,
deepseek_202,9,26,
deepseek_204,0,20,90.5
deepseek_204,1,20,90.5
deepseek_204,3,15,
deepseek_204,4,13,
deepseek_204,9,37,2.35
deepseek_205,0,18,
deepseek_205,1,15,
deepseek_205,3,17,
deepseek_205,4,11,
deepseek_205,9,27,1
deepseek_206,0,24,
deepseek_206,1,13,
deepseek_206,3,14,
deepseek_206,4,13,
deepseek_206,9,27,77.5
deepseek_208,0,24,20.23
deepseek_208,1,15,
deepseek_208,3,19,1
deepseek_208,4,12,
deepseek_208,9,32,
deepseek_210,0,17,1
deepseek_210,9,20,
deepseek_210,1,13,1
deepseek_210,4,11,
deepseek_210,3,16,
deepseek_212,0,21,
deepseek_212,1,14,99
deepseek_212,3,13,
deepseek_212,4,13,99
deepseek_212,9,27,99
deepseek_227,0,20,90.5
deepseek_227,1,12,
deepseek_227,3,16,99
deepseek_227,4,13,
deepseek_227,9,23,84.9
deepseek_228,0,19,92.27
deepseek_228,1,11,
deepseek_228,3,13,99
deepseek_228,4,13,1
deepseek_228,9,33,1.71
deepseek_231,0,18,93.93
deepseek_231,1,10,
deepseek_231,3,10,
deepseek_231,4,13,
deepseek_231,9,29,98.26
deepseek_234,0,21,1
deepseek_234,1,14,
deepseek_234,3,12,
deepseek_234,4,11,
deepseek_234,9,26,79.29
deepseek_236,1,16,
deepseek_236,3,16,
deepseek_236,4,12,
deepseek_236,0,12,
deepseek_236,9,21,1
deepseek_238,1,13,99
deepseek_238,0,21,1
deepseek_238,3,17,95.42
deepseek_238,9,29,74.09
deepseek_238,4,14,
deepseek_252,0,19,92.27
deepseek_252,1,11,
deepseek_252,3,12,99
deepseek_252,4,13,
deepseek_252,9,25,20.23
deepseek_258,0,19,1
deepseek_258,1,12,20.23
deepseek_258,4,12,
deepseek_258,9,28,
deepseek_258,3,15,1
deepseek_260,0,22,1
deepseek_260,1,16,
deepseek_260,3,14,1
deepseek_260,4,13,
deepseek_260,9,25,
deepseek_261,0,19,1
deepseek_261,1,14,
deepseek_261,3,16,
deepseek_261,4,13,
deepseek_261,9,19,
deepseek_262,1,13,
deepseek_262,4,14,
deepseek_262,0,21,
deepseek_262,3,14,
deepseek_262,9,18,93.93
deepseek_266,0,17,20.23
deepseek_266,1,15,99
deepseek_266,3,17,
deepseek_266,4,14,1
deepseek_266,9,23,
deepseek_269,1,10,20.23
deepseek_269,0,18,93.93
deepseek_269,4,13,
deepseek_269,3,13,
deepseek_269,9,21,
deepseek_270,0,21,
deepseek_270,1,21,20.23
deepseek_270,3,12,
deepseek_270,4,11,
deepseek_270,9,34,66.58
deepseek_271,0,19,
deepseek_271,1,14,
deepseek_271,3,15,97.84
deepseek_271,4,15,97.84
deepseek_271,9,31,97.31
deepseek_273,0,18,
deepseek_273,1,13,
deepseek_273,3,17,20.23
deepseek_273,4,12,99
deepseek_273,9,31,
deepseek_283,0,15,20.23
deepseek_283,1,13,20.23
deepseek_283,3,16,
deepseek_283,4,13,
deepseek_283,9,28,1
deepseek_297,1,15,
deepseek_297,4,12,
deepseek_297,3,18,93.93
deepseek_297,9,18,1
deepseek_297,0,23,
deepseek_305,0,19,
deepseek_305,1,12,
deepseek_305,3,16,96.74
deepseek_305,4,11,
deepseek_305,9,29,
deepseek_306,0,19,1
deepseek_306,1,16,
deepseek_306,3,15,97.84
deepseek_306,4,13,
deepseek_306,9,25,1
deepseek_307,0,14,1
deepseek_307,1,14,1
deepseek_307,3,16,96.74
deepseek_307,4,15,
deepseek_307,9,25,1
deepseek_308,0,14,98.65
deepseek_308,1,12,
deepseek_308,4,14,1
deepseek_308,9,20,
deepseek_308,3,19,92.27
deepseek_309,0,17,1
deepseek_309,1,13,
deepseek_309,3,15,97.84
deepseek_309,4,12,99
deepseek_309,9,28,
deepseek_311,4,12,
deepseek_311,1,12,
deepseek_311,0,23,20.23
deepseek_311,9,29,
deepseek_311,3,15,
deepseek_313,0,17,95.42
deepseek_313,1,15,97.84
deepseek_313,3,17,
deepseek_313,4,14,
deepseek_313,9,33,
deepseek_314,0,21,
deepseek_314,1,12,
deepseek_314,3,10,
deepseek_314,4,14,
deepseek_314,9,31,70.91
deepseek_315,0,17,95.42
deepseek_315,1,27,
deepseek_315,3,16,
deepseek_315,4,13,
deepseek_315,9,33,67.94
deepseek_316,1,20,
deepseek_316,0,20,
deepseek_316,3,9,
deepseek_316,9,27,
deepseek_316,4,14,
deepseek_340,1,13,
deepseek_340,3,11,99
deepseek_340,9,20,
deepseek_340,4,9,
deepseek_340,0,17,
deepseek_349,0,30,20.23
deepseek_349,1,17,95.42
deepseek_349,3,17,
deepseek_349,4,11,
deepseek_349,9,24,
deepseek_350,0,17,20.23
deepseek_350,1,12,99
deepseek_350,3,18,20.23
deepseek_350,4,8,
deepseek_350,9,25,1
deepseek_357,0,17,1
deepseek_357,1,12,1
deepseek_357,4,11,
deepseek_357,3,14,98.65
deepseek_357,9,24,
deepseek_358,0,21,
deepseek_358,1,13,
deepseek_358,3,10,
deepseek_358,4,15,
deepseek_358,9,30,1
deepseek_359,4,14,
deepseek_359,3,15,
deepseek_359,1,10,
deepseek_359,9,31,
deepseek_359,0,24,
deepseek_360,0,21,1
deepseek_360,1,11,
deepseek_360,3,12,
deepseek_360,4,14,
deepseek_360,9,27,
deepseek_365,0,23,99
deepseek_365,1,19,99
deepseek_365,3,19,92.27
deepseek_365,4,17,1
deepseek_365,9,33,20.23
deepseek_368,0,15,
deepseek_368,1,14,1
deepseek_368,3,12,
deepseek_368,4,15,97.84
deepseek_368,9,30,20.23
deepseek_369,3,15,
deepseek_369,1,14,
deepseek_369,4,12,
deepseek_369,0,20,
deepseek_369,9,22,1
deepseek_378,0,22,1
deepseek_378,1,9,1
deepseek_378,3,17,95.42
deepseek_378,4,15,
deepseek_378,9,26,
deepseek_379,0,16,
deepseek_379,1,14,
deepseek_379,3,11,1
deepseek_379,4,12,1
deepseek_379,9,22,86.79
deepseek_388,0,23,
deepseek_388,1,10,
deepseek_388,3,14,
deepseek_388,4,15,1
deepseek_388,9,31,
deepseek_389,0,26,1
deepseek_389,1,19,1
deepseek_389,3,12,
deepseek_389,4,14,
deepseek_389,9,22,86.79
deepseek_390,0,13,
deepseek_390,1,13,
deepseek_390,3,12,1
deepseek_390,4,14,
deepseek_390,9,25,81.12
deepseek_391,0,16,1
deepseek_391,1,13,
deepseek_391,3,4,
deepseek_391,4,14,98.65
deepseek_391,9,24,83
deepseek_396,0,18,1
deepseek_396,3,11,
deepseek_396,9,24,1
deepseek_396,4,15,
deepseek_396,1,12,
deepseek_410,0,19,1
deepseek_410,3,12,1
deepseek_410,1,18,93.93
deepseek_410,4,15,
deepseek_410,9,32,69.4
deepseek_411,3,10,1
deepseek_411,1,11,20.23
deepseek_411,4,11,1
deepseek_411,9,28,20.23
deepseek_411,0,15,20.23
deepseek_412,0,22,
deepseek_412,1,15,
deepseek_412,3,13,
deepseek_412,4,18,1
deepseek_412,9,30,
deepseek_416,0,20,1
deepseek_416,1,19,20.23
deepseek_416,3,15,97.84
deepseek_416,4,11,
deepseek_416,9,27,20.23
deepseek_417,0,20,1
deepseek_417,4,11,
deepseek_417,1,13,99
deepseek_417,9,27,20.23
deepseek_417,3,15,97.84
deepseek_418,0,14,
deepseek_418,9,32,1.56
deepseek_418,4,15,1
deepseek_418,1,24,
deepseek_418,3,15,20.23
deepseek_419,0,19,
deepseek_419,1,24,
deepseek_419,3,15,20.23
deepseek_419,4,15,1
deepseek_419,9,26,1
deepseek_420,0,14,
deepseek_420,1,13,1
deepseek_420,3,16,
deepseek_420,4,11,1
deepseek_420,9,30,
deepseek_436,0,23,
deepseek_436,1,23,1
deepseek_436,3,16,
deepseek_436,4,8,
deepseek_436,9,30,
deepseek_439,0,30,
deepseek_439,1,17,1
deepseek_439,3,19,
deepseek_439,4,14,1
deepseek_439,9,22,1
deepseek_441,0,23,
deepseek_441,1,16,
deepseek_441,3,13,
deepseek_441,9,33,67.94
deepseek_441,4,14,
deepseek_442,0,25,
deepseek_442,1,17,
deepseek_442,3,13,
deepseek_442,4,14,
deepseek_442,9,35,1.98
deepseek_443,0,21,
deepseek_443,1,14,
deepseek_443,3,21,
deepseek_443,4,14,
deepseek_443,9,28,75.77
deepseek_444,0,21,
deepseek_444,1,14,
deepseek_444,3,16,
deepseek_444,4,15,
deepseek_444,9,27,1
deepseek_446,0,21,
deepseek_446,1,16,
deepseek_446,3,16,
deepseek_446,4,15,
deepseek_446,9,25,81.12
deepseek_447,0,15,1
deepseek_447,1,15,20.23
deepseek_447,3,16,20.23
deepseek_447,4,10,
deepseek_447,9,27,77.5
deepseek_454,0,19,92.27
deepseek_454,1,10,99
deepseek_454,3,11,
deepseek_454,4,13,
deepseek_454,9,29,98.26
deepseek_455,0,16,20.23
deepseek_455,1,12,99
deepseek_455,3,17,95.42
deepseek_455,4,11,
deepseek_455,9,30,97.84
deepseek_461,0,18,1
deepseek_461,1,16,96.74
deepseek_461,3,14,
deepseek_461,4,11,
deepseek_461,9,27,
deepseek_462,0,19,92.27
deepseek_462,1,24,83
deepseek_462,3,15,
deepseek_462,4,14,
deepseek_462,9,30,
deepseek_463,0,23,1
deepseek_463,1,12,
deepseek_463,3,14,
deepseek_463,4,12,
deepseek_463,9,30,20.23
deepseek_469,0,15,1
deepseek_469,1,10,
deepseek_469,3,11,
deepseek_469,4,13,1
deepseek_469,9,25,
deepseek_478,1,12,
deepseek_478,0,23,20.23
deepseek_478,4,11,
deepseek_478,3,9,
deepseek_478,9,20,
deepseek_479,0,17,
deepseek_479,1,11,
deepseek_479,3,11,
deepseek_479,4,14,1
deepseek_479,9,26,1
deepseek_485,0,28,
deepseek_485,1,16,
deepseek_485,3,12,99
deepseek_485,4,14,98.65
deepseek_485,9,27,
deepseek_488,0,18,
deepseek_488,1,12,
deepseek_488,3,10,
deepseek_488,4,14,
deepseek_488,9,27,
deepseek_489,0,12,
deepseek_489,1,12,99
deepseek_489,3,17,
deepseek_489,4,11,1
deepseek_489,9,29,1.05
deepseek_491,0,45,20.23
deepseek_491,1,11,
deepseek_491,3,9,99
deepseek_491,4,11,1
deepseek_491,9,21,1
deepseek_493,0,19,
deepseek_493,3,16,1
deepseek_493,4,16,
deepseek_493,1,13,99
deepseek_493,9,21,88.66
deepseek_500,0,18,1
deepseek_500,1,22,99
deepseek_500,3,11,1
deepseek_500,4,14,1
deepseek_500,9,19,92.27
deepseek_501,0,20,1
deepseek_501,1,21,1
deepseek_501,3,20,
deepseek_501,4,15,1
deepseek_501,9,28,75.77
deepseek_502,0,20,1
deepseek_502,1,21,1
deepseek_502,3,13,
deepseek_502,4,15,1
deepseek_502,9,28,75.77
deepseek_503,0,17,1
deepseek_503,1,25,1
deepseek_503,3,15,1
deepseek_503,4,14,1
deepseek_503,9,29,74.09
deepseek_505,0,21,1
deepseek_505,1,16,20.23
deepseek_505,3,10,
deepseek_505,4,10,99
deepseek_505,9,30,1
deepseek_506,0,20,1
deepseek_506,1,13,99
deepseek_506,3,12,99
deepseek_506,4,13,
deepseek_506,9,26,
deepseek_507,0,21,1
deepseek_507,1,10,
deepseek_507,3,16,
deepseek_507,4,13,1
deepseek_507,9,22,
deepseek_513,0,16,
deepseek_513,1,15,
deepseek_513,3,10,
deepseek_513,4,8,
deepseek_513,9,23,
deepseek_520,0,17,
deepseek_520,1,15,
deepseek_520,3,15,
deepseek_520,4,12,
deepseek_520,9,22,86.79
deepseek_523,0,17,1
deepseek_523,1,11,1
deepseek_523,4,14,
deepseek_523,9,23,84.9
deepseek_523,3,14,
deepseek_529,0,18,1
deepseek_529,1,13,99
deepseek_529,3,14,
deepseek_529,4,11,
deepseek_529,9,29,
deepseek_530,0,15,1
deepseek_530,1,11,1
deepseek_530,3,14,
deepseek_530,4,15,
deepseek_530,9,26,20.23
deepseek_539,0,16,96.74
deepseek_539,1,13,1
deepseek_539,3,15,
deepseek_539,4,15,
deepseek_539,9,26,79.29
deepseek_551,0,24,83
deepseek_551,1,17,95.42
deepseek_551,3,15,
deepseek_551,4,14,20.23
deepseek_551,9,33,67.94
deepseek_552,1,15,
deepseek_552,0,16,
deepseek_552,3,17,
deepseek_552,9,33,67.94
deepseek_552,4,15,1
deepseek_553,0,19,1
deepseek_553,1,16,
deepseek_553,3,17,
deepseek_553,4,15,1
deepseek_553,9,23,
deepseek_554,0,16,
deepseek_554,1,16,
deepseek_554,3,15,
deepseek_554,4,17,
deepseek_554,9,35,65.27
deepseek_555,0,21,20.23
deepseek_555,1,16,
deepseek_555,3,15,
deepseek_555,4,15,1
deepseek_555,9,23,
deepseek_556,0,16,
deepseek_556,1,20,90.5
deepseek_556,3,15,
deepseek_556,4,15,
deepseek_556,9,24,83
deepseek_558,0,21,20.23
deepseek_558,3,17,
deepseek_558,4,15,
deepseek_558,9,24,83
deepseek_558,1,16,
deepseek_559,0,16,
deepseek_559,1,17,95.42
deepseek_559,3,15,
deepseek_559,4,15,
deepseek_559,9,35,65.27
deepseek_560,3,17,
deepseek_560,1,16,
deepseek_560,4,15,
deepseek_560,0,16,
deepseek_560,9,24,83
deepseek_561,0,16,
deepseek_561,1,15,
deepseek_561,3,15,
deepseek_561,4,17,
deepseek_561,9,29,
deepseek_562,4,15,
deepseek_562,1,20,90.5
deepseek_562,3,17,
deepseek_562,9,23,
deepseek_562,0,21,20.23
deepseek_563,0,22,20.23
deepseek_563,1,15,
deepseek_563,3,15,
deepseek_563,4,17,
deepseek_563,9,24,83
deepseek_566,0,18,1
deepseek_566,1,10,
deepseek_566,3,13,
deepseek_566,4,11,
deepseek_566,9,25,81.12
deepseek_567,0,19,
deepseek_567,1,11,
deepseek_567,3,16,
deepseek_567,4,10,
deepseek_567,9,28,
deepseek_568,0,20,1
deepseek_568,1,10,
deepseek_568,3,16,
deepseek_568,4,11,
deepseek_568,9,28,75.77
deepseek_569,0,18,1
deepseek_569,1,10,
deepseek_569,3,13,
deepseek_569,4,9,
deepseek_569,9,29,1.05
deepseek_570,0,20,1
deepseek_570,1,10,
deepseek_570,3,13,
deepseek_570,4,11,
deepseek_570,9,28,
deepseek_571,3,14,
deepseek_571,4,13,1
deepseek_571,0,15,
deepseek_571,9,15,97.84
deepseek_571,1,9,
deepseek_585,0,21,1
deepseek_585,1,10,99
deepseek_585,3,10,
deepseek_585,4,15,
deepseek_585,9,28,75.77
deepseek_586,3,10,
deepseek_586,0,21,1
deepseek_586,4,12,
deepseek_586,1,9,
deepseek_586,9,29,20.23
deepseek_587,0,18,1
deepseek_587,1,15,
deepseek_587,3,12,
deepseek_587,4,13,
deepseek_587,9,28,98.65
deepseek_597,0,27,1
deepseek_597,1,10,
deepseek_597,3,15,
deepseek_597,4,12,
deepseek_597,9,26,
deepseek_598,0,15,
deepseek_598,1,13,
deepseek_598,3,15,
deepseek_598,4,13,
deepseek_598,9,30,
deepseek_599,0,23,
deepseek_599,1,11,1
deepseek_599,3,11,1
deepseek_599,9,27,77.5
deepseek_599,4,13,
deepseek_601,0,19,
deepseek_601,1,10,99
deepseek_601,3,12,
deepseek_601,4,14,
deepseek_601,9,31,1.4
deepseek_603,0,23,84.9
deepseek_603,3,12,
deepseek_603,1,10,
deepseek_603,4,12,
deepseek_603,9,28,98.65
deepseek_604,0,20,99
deepseek_604,1,17,
deepseek_604,3,11,
deepseek_604,4,10,
deepseek_604,9,22,
deepseek_605,0,17,99
deepseek_605,1,12,20.23
deepseek_605,3,11,99
deepseek_605,4,14,98.65
deepseek_605,9,26,1
deepseek_610,0,23,
deepseek_610,9,26,
deepseek_610,4,13,
deepseek_610,3,11,
deepseek_610,1,16,
deepseek_618,0,15,
deepseek_618,1,10,20.23
deepseek_618,3,14,
deepseek_618,4,16,
deepseek_618,9,29,74.09
deepseek_624,3,16,1
deepseek_624,0,18,93.93
deepseek_624,1,11,
deepseek_624,4,17,
deepseek_624,9,28,75.77
deepseek_626,0,18,1
deepseek_626,1,14,
deepseek_626,3,18,
deepseek_626,4,13,1
deepseek_626,9,28,75.77
deepseek_629,0,22,
deepseek_629,1,15,
deepseek_629,4,14,
deepseek_629,3,11,
deepseek_629,9,26,79.29
deepseek_630,0,20,
deepseek_630,1,11,
deepseek_630,3,13,
deepseek_630,4,13,
deepseek_630,9,34,
deepseek_633,0,17,1
deepseek_633,4,11,
deepseek_633,9,31,1.4
deepseek_633,3,17,
deepseek_633,1,12,20.23
deepseek_634,4,12,
deepseek_634,1,12,20.23
deepseek_634,9,22,
deepseek_634,0,16,96.74
deepseek_634,3,13,99
deepseek_635,0,17,1
deepseek_635,1,14,
deepseek_635,3,19,99
deepseek_635,4,13,
deepseek_635,9,27,
deepseek_636,0,20,1
deepseek_636,1,13,99
deepseek_636,3,16,
deepseek_636,4,13,
deepseek_636,9,31,70.91
deepseek_637,3,16,
deepseek_637,0,22,20.23
deepseek_637,4,13,
deepseek_637,9,27,99
deepseek_637,1,16,20.23
deepseek_638,1,14,
deepseek_638,0,23,1
deepseek_638,4,14,98.65
deepseek_638,9,28,
deepseek_638,3,22,
deepseek_639,0,20,90.5
deepseek_639,1,10,99
deepseek_639,3,19,
deepseek_639,4,12,
deepseek_639,9,31,1.4
deepseek_640,0,16,
deepseek_640,3,23,84.9
deepseek_640,4,12,
deepseek_640,9,30,1.23
deepseek_640,1,15,1
deepseek_641,0,18,1
deepseek_641,1,24,20.23
deepseek_641,3,15,
deepseek_641,4,17,1
deepseek_641,9,32,1.56
deepseek_642,3,14,
deepseek_642,0,17,95.42
deepseek_642,1,14,
deepseek_642,9,24,
deepseek_642,4,13,
deepseek_643,0,25,1
deepseek_643,1,14,
deepseek_643,3,17,
deepseek_643,4,13,
deepseek_643,9,32,
deepseek_644,0,18,
deepseek_644,1,16,
deepseek_644,3,23,
deepseek_644,4,12,1
deepseek_644,9,22,
deepseek_645,0,25,1
deepseek_645,1,14,
deepseek_645,3,20,
deepseek_645,4,12,1
deepseek_645,9,33,20.23
deepseek_646,0,18,
deepseek_646,1,14,
deepseek_646,3,21,99
deepseek_646,4,13,
deepseek_646,9,21,20.23
deepseek_648,0,25,1
deepseek_648,4,12,1
deepseek_648,1,16,
deepseek_648,3,19,92.27
deepseek_648,9,22,
deepseek_649,0,18,
deepseek_649,1,14,
deepseek_649,3,21,99
deepseek_649,4,13,
deepseek_649,9,32,
deepseek_650,0,18,
deepseek_650,1,14,
deepseek_650,3,17,
deepseek_650,4,13,
deepseek_650,9,33,20.23
deepseek_651,0,25,1
deepseek_651,1,16,
deepseek_651,3,21,99
deepseek_651,4,13,
deepseek_651,9,21,20.23
deepseek_653,0,18,
deepseek_653,1,18,93.93
deepseek_653,3,17,
deepseek_653,4,13,
deepseek_653,9,21,20.23
deepseek_654,0,18,
deepseek_654,1,14,
deepseek_654,3,17,
deepseek_654,4,13,
deepseek_654,9,22,
deepseek_655,0,25,1
deepseek_655,1,18,93.93
deepseek_655,3,17,
deepseek_655,4,13,
deepseek_655,9,22,
deepseek_656,0,18,
deepseek_656,1,18,93.93
deepseek_656,3,17,
deepseek_656,4,13,
deepseek_656,9,22,
deepseek_657,0,18,
deepseek_657,1,16,
deepseek_657,3,17,
deepseek_657,4,13,
deepseek_657,9,22,
deepseek_658,0,20,
deepseek_658,1,15,
deepseek_658,3,15,
deepseek_658,4,15,
deepseek_658,9,30,1.23
deepseek_659,0,27,77.5
deepseek_659,1,17,1
deepseek_659,3,22,
deepseek_659,4,13,
deepseek_659,9,23,
deepseek_660,0,22,86.79
deepseek_660,1,31,70.91
deepseek_660,3,15,
deepseek_660,4,12,1
deepseek_660,9,27,
deepseek_661,0,24,83
deepseek_661,1,17,1
deepseek_661,3,17,
deepseek_661,4,14,
deepseek_661,9,23,1
deepseek_662,0,25,1
deepseek_662,1,16,
deepseek_662,3,19,
deepseek_662,4,14,
deepseek_662,9,38,20.23
deepseek_666,0,20,1
deepseek_666,1,20,
deepseek_666,3,9,
deepseek_666,4,12,
deepseek_666,9,26,1
deepseek_667,0,20,1
deepseek_667,1,15,20.23
deepseek_667,3,17,
deepseek_667,4,15,
deepseek_667,9,27,1
deepseek_670,0,21,20.23
deepseek_670,4,11,99
deepseek_670,1,19,92.27
deepseek_670,9,29,
deepseek_670,3,12,99
deepseek_672,0,17,95.42
deepseek_672,1,10,99
deepseek_672,3,10,99
deepseek_672,4,11,99
deepseek_672,9,26,20.23
deepseek_673,0,18,
deepseek_673,3,16,
deepseek_673,4,13,
deepseek_673,1,12,20.23
deepseek_673,9,32,20.23
deepseek_674,0,24,83
deepseek_674,1,26,79.29
deepseek_674,3,16,
deepseek_674,4,14,
deepseek_674,9,21,20.23
deepseek_675,3,14,98.65
deepseek_675,0,15,1
deepseek_675,1,10,
deepseek_675,4,15,
deepseek_675,9,34,66.58
deepseek_676,1,46,3.88
deepseek_676,3,15,97.84
deepseek_676,0,23,20.23
deepseek_676,9,24,
deepseek_676,4,13,
deepseek_678,1,19,99
deepseek_678,3,12,
deepseek_678,9,33,1.71
deepseek_678,4,14,
deepseek_678,0,25,20.23
deepseek_679,0,24,
deepseek_679,1,13,1
deepseek_679,4,12,
deepseek_679,9,30,
deepseek_679,3,13,1
deepseek_684,1,12,20.23
deepseek_684,4,11,
deepseek_684,0,18,99
deepseek_684,3,11,20.23
deepseek_684,9,27,77.5
deepseek_685,0,16,1
deepseek_685,1,22,1
deepseek_685,3,15,
deepseek_685,4,12,
deepseek_685,9,28,20.23
deepseek_696,0,19,
deepseek_696,1,13,
deepseek_696,3,15,
deepseek_696,4,15,
deepseek_696,9,28,
deepseek_710,0,21,1
deepseek_710,1,15,1
deepseek_710,3,16,
deepseek_710,4,12,
deepseek_710,9,27,1
deepseek_712,0,23,
deepseek_712,1,12,1
deepseek_712,3,10,1
deepseek_712,4,12,1
deepseek_712,9,26,20.23
deepseek_713,0,18,1
deepseek_713,1,14,1
deepseek_713,3,14,1
deepseek_713,4,11,
deepseek_713,9,28,1
deepseek_714,0,16,1
deepseek_714,1,15,1
deepseek_714,3,12,1
deepseek_714,4,14,1
deepseek_714,9,28,1
deepseek_723,0,13,99
deepseek_723,1,16,
deepseek_723,3,19,
deepseek_723,4,10,
deepseek_723,9,12,99
deepseek_725,0,16,
deepseek_725,1,16,
deepseek_725,3,18,
deepseek_725,4,10,
deepseek_725,9,12,99
deepseek_726,0,13,99
deepseek_726,1,16,
deepseek_726,3,19,
deepseek_726,4,10,
deepseek_726,9,12,99
deepseek_727,0,13,99
deepseek_727,1,16,
deepseek_727,3,16,
deepseek_727,4,15,1
deepseek_727,9,30,1.23
deepseek_730,3,16,96.74
deepseek_730,0,21,
deepseek_730,4,16,
deepseek_730,9,25,81.12
deepseek_730,1,23,1
deepseek_731,0,18,
deepseek_731,1,12,
deepseek_731,3,15,97.84
deepseek_731,4,13,
deepseek_731,9,32,1.56
deepseek_732,0,18,
deepseek_732,1,14,
deepseek_732,3,17,
deepseek_732,4,11,99
deepseek_732,9,26,1
deepseek_733,0,18,
deepseek_733,1,12,
deepseek_733,3,17,20.23
deepseek_733,4,11,99
deepseek_733,9,21,1
deepseek_747,0,17,
deepseek_747,1,15,
deepseek_747,3,14,
deepseek_747,4,12,
deepseek_747,9,33,
deepseek_749,0,17,
deepseek_749,1,14,
deepseek_749,3,12,
deepseek_749,4,12,
deepseek_749,9,26,1
deepseek_750,0,15,
deepseek_750,1,14,
deepseek_750,3,16,
deepseek_750,4,17,1
deepseek_750,9,21,1
deepseek_751,0,14,1
deepseek_751,1,12,1
deepseek_751,3,14,
deepseek_751,4,16,
deepseek_751,9,26,1
deepseek_752,0,18,1
deepseek_752,1,12,1
deepseek_752,3,15,
deepseek_752,4,15,1
deepseek_752,9,28,
deepseek_766,1,14,
deepseek_766,9,27,20.23
deepseek_766,3,16,
deepseek_766,4,13,
deepseek_766,0,22,
deepseek_767,0,25,81.12
deepseek_767,1,3,
deepseek_767,3,15,99
deepseek_767,4,13,
deepseek_767,9,26,
deepseek_768,0,17,
deepseek_768,9,28,
deepseek_768,3,13,
deepseek_768,4,15,1
deepseek_768,1,11,99
deepseek_769,0,17,1
deepseek_769,4,14,1
deepseek_769,9,29,1.05
deepseek_769,3,11,99
deepseek_769,1,38,20.23
deepseek_776,0,21,1
deepseek_776,1,9,99
deepseek_776,3,14,1
deepseek_776,4,12,99
deepseek_776,9,29,74.09
deepseek_787,0,18,
deepseek_787,1,13,99
deepseek_787,3,19,
deepseek_787,4,11,
deepseek_787,9,30,
deepseek_792,0,20,1
deepseek_792,1,14,98.65
deepseek_792,3,18,93.93
deepseek_792,4,17,
deepseek_792,9,33,67.94
deepseek_793,0,24,1
deepseek_793,1,14,98.65
deepseek_793,3,18,93.93
deepseek_793,4,13,
deepseek_793,9,19,
deepseek_794,1,13,
deepseek_794,9,30,72.45
deepseek_794,0,18,
deepseek_794,3,9,
deepseek_794,4,14,1
deepseek_795,0,20,90.5
deepseek_795,1,21,
deepseek_795,3,15,99
deepseek_795,4,12,
deepseek_795,9,21,88.66
deepseek_801,0,22,
deepseek_801,1,15,1
deepseek_801,3,21,
deepseek_801,4,16,
deepseek_801,9,32,
deepseek_803,3,14,
deepseek_803,1,16,1
deepseek_803,0,13,99
deepseek_803,4,13,1
deepseek_803,9,28,
deepseek_823,0,22,1
deepseek_823,1,16,96.74
deepseek_823,3,12,
deepseek_823,4,10,
deepseek_823,9,32,96.74
deepseek_826,0,15,97.84
deepseek_826,1,13,
deepseek_826,3,11,
deepseek_826,4,10,
deepseek_826,9,21,88.66
deepseek_845,0,17,1
deepseek_845,1,16,20.23
deepseek_845,3,13,
deepseek_845,4,12,
deepseek_845,9,27,1
deepseek_848,0,19,92.27
deepseek_848,1,16,
deepseek_848,3,14,
deepseek_848,4,13,
deepseek_848,9,27,
deepseek_859,0,18,
deepseek_859,1,13,20.23
deepseek_859,3,13,20.23
deepseek_859,4,13,
deepseek_859,9,35,20.23
deepseek_860,0,15,1
deepseek_860,1,12,99
deepseek_860,3,14,
deepseek_860,4,17,
deepseek_860,9,30,72.45
deepseek_865,0,27,1
deepseek_865,1,13,
deepseek_865,3,24,
deepseek_865,4,13,
deepseek_865,9,20,
deepseek_869,0,20,1
deepseek_869,1,14,
deepseek_869,3,15,
deepseek_869,4,19,92.27
deepseek_869,9,28,1
deepseek_870,0,24,1
deepseek_870,1,12,1
deepseek_870,3,14,98.65
deepseek_870,4,12,1
deepseek_870,9,29,20.23
deepseek_871,0,18,1
deepseek_871,1,12,1
deepseek_871,3,15,97.84
deepseek_871,4,15,1
deepseek_871,9,29,
deepseek_873,0,20,20.23
deepseek_873,1,14,
deepseek_873,3,12,99
deepseek_873,4,12,1
deepseek_873,9,19,1
deepseek_886,0,22,99
deepseek_886,1,9,
deepseek_886,3,11,
deepseek_886,4,17,
deepseek_886,9,29,
deepseek_895,3,12,
deepseek_895,9,31,1.4
deepseek_895,1,12,20.23
deepseek_895,0,22,86.79
deepseek_895,4,12,
deepseek_896,0,22,86.79
deepseek_896,1,9,
deepseek_896,3,13,1
deepseek_896,4,12,
deepseek_896,9,30,
deepseek_899,0,19,92.27
deepseek_899,1,12,20.23
deepseek_899,3,17,95.42
deepseek_899,4,13,
deepseek_899,9,31,1.4
deepseek_900,0,26,
deepseek_900,1,17,
deepseek_900,3,16,96.74
deepseek_900,4,13,1
deepseek_900,9,29,
deepseek_901,0,24,1
deepseek_901,1,27,1
deepseek_901,3,17,95.42
deepseek_901,4,12,
deepseek_901,9,28,75.77
deepseek_902,0,21,88.66
deepseek_902,1,10,
deepseek_902,3,14,
deepseek_902,4,15,
deepseek_902,9,30,72.45
deepseek_903,0,20,20.23
deepseek_903,1,21,1
deepseek_903,3,16,
deepseek_903,4,15,
deepseek_903,9,26,1
deepseek_905,0,19,1
deepseek_905,9,31,1.4
deepseek_905,4,13,
deepseek_905,3,21,
deepseek_905,1,18,93.93
deepseek_906,0,19,1
deepseek_906,1,16,
deepseek_906,3,14,
deepseek_906,4,13,
deepseek_906,9,29,
deepseek_908,0,20,1
deepseek_908,1,12,
deepseek_908,3,15,
deepseek_908,4,14,
deepseek_908,9,33,
deepseek_915,0,14,20.23
deepseek_915,1,13,20.23
deepseek_915,3,16,96.74
deepseek_915,4,14,
deepseek_915,9,23,
deepseek_923,0,19,
deepseek_923,1,11,
deepseek_923,3,17,1
deepseek_923,4,13,
deepseek_923,9,23,
deepseek_932,0,19,1
deepseek_932,1,12,99
deepseek_932,4,13,
deepseek_932,9,26,
deepseek_932,3,15,
deepseek_935,0,31,1
deepseek_935,1,17,1
deepseek_935,3,18,
deepseek_935,4,16,
deepseek_935,9,32,1.56
deepseek_938,0,15,
deepseek_938,1,15,
deepseek_938,3,15,
deepseek_938,4,13,99
deepseek_938,9,30,1.23
deepseek_940,1,15,1
deepseek_940,4,10,1
deepseek_940,3,19,1
deepseek_940,0,19,1
deepseek_940,9,27,1
deepseek_943,0,21,
deepseek_943,1,14,1
deepseek_943,3,14,1
deepseek_943,4,15,
deepseek_943,9,24,1
deepseek_950,0,19,
deepseek_950,1,12,99
deepseek_950,3,16,
deepseek_950,4,14,
deepseek_950,9,25,
deepseek_951,0,18,1
deepseek_951,1,12,
deepseek_951,3,8,
deepseek_951,4,12,
deepseek_951,9,23,84.9
deepseek_953,0,15,
deepseek_953,1,10,20.23
deepseek_953,3,18,
deepseek_953,4,14,1
deepseek_953,9,20,
deepseek_954,0,17,
deepseek_954,1,10,20.23
deepseek_954,3,12,
deepseek_954,4,14,1
deepseek_954,9,20,
deepseek_956,0,10,
deepseek_956,1,12,99
deepseek_956,4,12,1
deepseek_956,3,16,96.74
deepseek_956,9,20,1
deepseek_964,0,20,
deepseek_964,1,14,20.23
deepseek_964,3,19,1
deepseek_964,4,14,1
deepseek_964,9,27,
deepseek_968,0,16,96.74
deepseek_968,1,15,20.23
deepseek_968,3,15,97.84
deepseek_968,4,12,
deepseek_968,9,33,67.94
deepseek_969,0,26,1
deepseek_969,1,12,
deepseek_969,3,14,
deepseek_969,4,12,
deepseek_969,9,26,
deepseek_970,0,24,83
deepseek_970,1,17,1
deepseek_970,3,14,
deepseek_970,4,17,
deepseek_970,9,19,1
deepseek_972,3,13,1
deepseek_972,0,22,86.79
deepseek_972,4,16,1
deepseek_972,1,14,1
deepseek_972,9,24,1
deepseek_973,0,27,77.5
deepseek_973,1,12,1
deepseek_973,3,16,1
deepseek_973,4,14,1
deepseek_973,9,23,
deepseek_974,0,23,
deepseek_974,1,13,20.23
deepseek_974,3,13,1
deepseek_974,4,12,1
deepseek_974,9,30,1
deepseek_976,0,21,
deepseek_976,1,18,93.93
deepseek_976,3,18,1
deepseek_976,4,14,1
deepseek_976,9,24,20.23
deepseek_977,0,21,
deepseek_977,1,18,93.93
deepseek_977,3,15,20.23
deepseek_977,4,11,1
deepseek_977,9,24,20.23
deepseek_978,0,25,20.23
deepseek_978,1,13,1
deepseek_978,3,14,
deepseek_978,4,12,20.23
deepseek_978,9,27,1
deepseek_980,0,19,99
deepseek_980,1,18,1
deepseek_980,3,15,97.84
deepseek_980,4,13,1
deepseek_980,9,30,
deepseek_981,0,21,20.23
deepseek_981,1,12,
deepseek_981,3,15,97.84
deepseek_981,4,10,1
deepseek_981,9,30,
deepseek_986,0,16,1
deepseek_986,1,15,97.84
deepseek_986,3,8,
deepseek_986,4,12,
deepseek_986,9,25,
deepseek_991,0,20,20.23
deepseek_991,1,14,20.23
deepseek_991,3,49,51.68
deepseek_991,4,16,
deepseek_991,9,23,1
deepseek_992,0,19,
deepseek_992,1,10,1
deepseek_992,3,12,
deepseek_992,4,11,
deepseek_992,9,30,72.45
deepseek_994,0,19,1
deepseek_994,1,14,20.23
deepseek_994,3,15,
deepseek_994,4,13,
deepseek_994,9,20,1
deepseek_995,0,19,1
deepseek_995,1,14,
deepseek_995,3,12,1
deepseek_995,4,16,1
deepseek_995,9,33,1.71
deepseek_998,0,14,
deepseek_998,1,15,
deepseek_998,3,20,90.5
deepseek_998,4,14,99
deepseek_998,9,31,1.4
deepseek_999,0,18,
deepseek_999,1,15,
deepseek_999,3,20,90.5
deepseek_999,4,12,99
deepseek_999,9,23,1
deepseek_1000,0,21,
deepseek_1000,1,13,1
deepseek_1000,3,11,
deepseek_1000,4,14,98.65
deepseek_1000,9,31,1.4
deepseek_1001,4,16,
deepseek_1001,3,17,
deepseek_1001,1,12,
deepseek_1001,0,15,1
deepseek_1001,9,19,1
deepseek_1009,0,17,1
deepseek_1009,1,13,1
deepseek_1009,3,15,20.23
deepseek_1009,4,13,20.23
deepseek_1009,9,25,1
deepseek_1016,0,15,1
deepseek_1016,1,19,1
deepseek_1016,3,15,20.23
deepseek_1016,4,9,20.23
deepseek_1016,9,31,1.4
deepseek_1018,0,15,
deepseek_1018,1,12,99
deepseek_1018,3,12,
deepseek_1018,4,11,
deepseek_1018,9,28,
deepseek_1019,1,10,99
deepseek_1019,4,12,
deepseek_1019,0,14,
deepseek_1019,3,14,
deepseek_1019,9,26,
deepseek_1025,0,16,20.23
deepseek_1025,1,18,99
deepseek_1025,3,16,96.74
deepseek_1025,4,13,99
deepseek_1025,9,21,
deepseek_1027,4,9,
deepseek_1027,1,10,99
deepseek_1027,0,12,
deepseek_1027,3,14,98.65
deepseek_1027,9,26,99
deepseek_1030,0,16,
deepseek_1030,1,13,
deepseek_1030,3,10,
deepseek_1030,4,10,
deepseek_1030,9,26,
deepseek_1039,0,24,99
deepseek_1039,1,11,99
deepseek_1039,3,12,99
deepseek_1039,4,15,97.84
deepseek_1039,9,27,
deepseek_1040,0,15,97.84
deepseek_1040,1,14,98.65
deepseek_1040,3,14,99
deepseek_1040,4,16,99
deepseek_1040,9,22,99
deepseek_1054,0,17,1
deepseek_1054,1,18,
deepseek_1054,3,16,1
deepseek_1054,4,15,
deepseek_1054,9,26,1
deepseek_1055,0,17,95.42
deepseek_1055,1,7,
deepseek_1055,3,14,
deepseek_1055,4,11,
deepseek_1055,9,29,74.09
deepseek_1063,9,33,1.71
deepseek_1063,1,10,99
deepseek_1063,4,15,
deepseek_1063,0,22,20.23
deepseek_1063,3,15,
deepseek_1071,0,14,1
deepseek_1071,1,13,20.23
deepseek_1071,3,14,98.65
deepseek_1071,4,12,
deepseek_1071,9,26,79.29
deepseek_1073,0,14,
deepseek_1073,1,10,
deepseek_1073,3,19,
deepseek_1073,4,15,
deepseek_1073,9,30,97.84
deepseek_1074,0,18,20.23
deepseek_1074,1,13,99
deepseek_1074,3,13,99
deepseek_1074,4,15,97.84
deepseek_1074,9,29,98.26
deepseek_1075,3,12,
deepseek_1075,1,8,99
deepseek_1075,4,12,
deepseek_1075,9,21,88.66
deepseek_1075,0,20,1
deepseek_1076,0,18,1
deepseek_1076,1,7,
deepseek_1076,3,11,
deepseek_1076,4,12,
deepseek_1076,9,21,88.66
deepseek_1078,1,7,
deepseek_1078,4,12,
deepseek_1078,3,12,
deepseek_1078,0,18,93.93
deepseek_1078,9,30,72.45
deepseek_1079,0,13,
deepseek_1079,1,15,
deepseek_1079,3,11,
deepseek_1079,4,12,1
deepseek_1079,9,26,
deepseek_1080,0,17,
deepseek_1080,1,8,99
deepseek_1080,3,15,1
deepseek_1080,4,14,1
deepseek_1080,9,21,88.66
deepseek_1081,0,18,1
deepseek_1081,1,7,
deepseek_1081,3,11,
deepseek_1081,4,13,
deepseek_1081,9,21,88.66
deepseek_1082,0,18,1
deepseek_1082,1,11,
deepseek_1082,3,12,
deepseek_1082,4,12,
deepseek_1082,9,21,88.66
deepseek_1083,4,12,
deepseek_1083,1,7,
deepseek_1083,3,11,
deepseek_1083,0,18,1
deepseek_1083,9,26,
deepseek_1085,0,13,
deepseek_1085,1,11,
deepseek_1085,3,12,
deepseek_1085,4,12,
deepseek_1085,9,27,1
deepseek_1086,0,12,1
deepseek_1086,1,7,
deepseek_1086,3,11,
deepseek_1086,4,12,
deepseek_1086,9,27,1
deepseek_1087,0,17,
deepseek_1087,1,11,
deepseek_1087,3,11,
deepseek_1087,4,12,
deepseek_1087,9,30,
deepseek_1088,0,18,1
deepseek_1088,1,7,
deepseek_1088,3,12,
deepseek_1088,4,13,
deepseek_1088,9,26,
deepseek_1089,0,17,
deepseek_1089,1,7,
deepseek_1089,3,12,
deepseek_1089,4,12,
deepseek_1089,9,20,90.5
deepseek_1090,0,17,
deepseek_1090,1,8,99
deepseek_1090,3,11,
deepseek_1090,4,12,
deepseek_1090,9,27,1
deepseek_1091,0,13,
deepseek_1091,1,11,
deepseek_1091,3,11,
deepseek_1091,4,13,
deepseek_1091,9,21,88.66
deepseek_1092,1,8,99
deepseek_1092,3,12,
deepseek_1092,4,12,
deepseek_1092,9,27,1
deepseek_1092,0,13,
deepseek_1093,0,15,20.23
deepseek_1093,1,7,
deepseek_1093,3,15,1
deepseek_1093,4,13,
deepseek_1093,9,26,
deepseek_1094,0,13,
deepseek_1094,1,11,
deepseek_1094,3,12,
deepseek_1094,4,14,1
deepseek_1094,9,21,88.66
deepseek_1095,0,17,
deepseek_1095,1,11,
deepseek_1095,3,11,
deepseek_1095,4,13,
deepseek_1095,9,26,
deepseek_1096,0,15,20.23
deepseek_1096,1,11,
deepseek_1096,3,12,
deepseek_1096,4,12,
deepseek_1096,9,21,88.66
deepseek_1097,0,13,
deepseek_1097,1,11,
deepseek_1097,3,11,
deepseek_1097,4,12,
deepseek_1097,9,26,
deepseek_1098,0,17,
deepseek_1098,1,7,
deepseek_1098,3,11,
deepseek_1098,4,12,
deepseek_1098,9,20,90.5
deepseek_1099,4,13,
deepseek_1099,3,11,
deepseek_1099,1,8,99
deepseek_1099,0,13,
deepseek_1099,9,26,
deepseek_1101,0,17,
deepseek_1101,1,11,
deepseek_1101,3,11,
deepseek_1101,4,13,
deepseek_1101,9,21,88.66
deepseek_1103,0,22,1
deepseek_1103,1,13,99
deepseek_1103,3,14,98.65
deepseek_1103,4,15,1
deepseek_1103,9,19,92.27
deepseek_1110,0,21,20.23
deepseek_1110,3,14,98.65
deepseek_1110,1,9,1
deepseek_1110,4,14,98.65
deepseek_1110,9,25,
deepseek_1111,0,20,1
deepseek_1111,1,10,1
deepseek_1111,3,11,
deepseek_1111,4,13,1
deepseek_1111,9,32,
deepseek_1112,0,19,92.27
deepseek_1112,1,15,
deepseek_1112,3,13,1
deepseek_1112,4,12,
deepseek_1112,9,25,
deepseek_1113,0,23,20.23
deepseek_1113,1,11,1
deepseek_1113,3,13,1
deepseek_1113,4,12,
deepseek_1113,9,28,
deepseek_1114,0,22,1
deepseek_1114,1,15,
deepseek_1114,3,14,
deepseek_1114,4,13,
deepseek_1114,9,26,1
deepseek_1116,0,18,1
deepseek_1116,1,19,1
deepseek_1116,3,16,
deepseek_1116,4,15,97.84
deepseek_1116,9,26,1
deepseek_1117,0,21,1
deepseek_1117,1,10,99
deepseek_1117,3,14,20.23
deepseek_1117,4,15,1
deepseek_1117,9,27,
deepseek_1118,0,17,
deepseek_1118,1,17,95.42
deepseek_1118,3,16,
deepseek_1118,4,15,97.84
deepseek_1118,9,27,99
deepseek_1119,0,22,1
deepseek_1119,1,12,
deepseek_1119,3,16,96.74
deepseek_1119,4,13,1
deepseek_1119,9,29,
deepseek_1120,0,16,96.74
deepseek_1120,1,15,97.84
deepseek_1120,3,13,1
deepseek_1120,4,12,
deepseek_1120,9,28,20.23
deepseek_1123,0,15,
deepseek_1123,1,12,1
deepseek_1123,3,18,
deepseek_1123,4,10,
deepseek_1123,9,30,1.23
deepseek_1130,0,15,20.23
deepseek_1130,1,11,99
deepseek_1130,3,12,
deepseek_1130,4,20,1
deepseek_1130,9,25,
deepseek_1131,0,26,79.29
deepseek_1131,1,14,
deepseek_1131,3,18,
deepseek_1131,4,16,1
deepseek_1131,9,32,1.56
deepseek_1133,1,11,99
deepseek_1133,4,13,
deepseek_1133,0,13,1
deepseek_1133,9,24,
deepseek_1133,3,13,
deepseek_1136,0,20,90.5
deepseek_1136,3,15,
deepseek_1136,1,10,99
deepseek_1136,9,32,1.56
deepseek_1136,4,13,
deepseek_1143,0,28,1
deepseek_1143,1,13,1
deepseek_1143,3,19,99
deepseek_1143,4,13,
deepseek_1143,9,32,
deepseek_1145,3,14,98.65
deepseek_1145,0,25,1
deepseek_1145,1,14,98.65
deepseek_1145,4,14,
deepseek_1145,9,22,
deepseek_1149,0,16,20.23
deepseek_1149,1,13,
deepseek_1149,3,18,1
deepseek_1149,4,13,1
deepseek_1149,9,28,1
deepseek_1150,0,16,96.74
deepseek_1150,1,13,
deepseek_1150,3,15,
deepseek_1150,4,12,
deepseek_1150,9,30,
deepseek_1151,0,18,99
deepseek_1151,1,16,1
deepseek_1151,3,13,
deepseek_1151,4,11,
deepseek_1151,9,28,1
deepseek_1152,0,24,
deepseek_1152,1,16,1
deepseek_1152,3,14,
deepseek_1152,4,13,1
deepseek_1152,9,22,1
deepseek_1153,4,13,
deepseek_1153,3,13,
deepseek_1153,1,15,97.84
deepseek_1153,0,14,20.23
deepseek_1153,9,25,
deepseek_1154,0,13,1
deepseek_1154,4,17,95.42
deepseek_1154,1,14,98.65
deepseek_1154,9,28,1
deepseek_1154,3,17,
deepseek_1156,0,20,1
deepseek_1156,1,13,1
deepseek_1156,3,15,97.84
deepseek_1156,4,12,
deepseek_1156,9,31,1
deepseek_1157,0,19,1
deepseek_1157,1,13,1
deepseek_1157,3,15,1
deepseek_1157,4,14,
deepseek_1157,9,25,1
deepseek_1160,0,23,20.23
deepseek_1160,1,12,1
deepseek_1160,3,17,95.42
deepseek_1160,4,12,99
deepseek_1160,9,21,
deepseek_1162,0,22,1
deepseek_1162,1,25,
deepseek_1162,3,15,
deepseek_1162,4,15,97.84
deepseek_1162,9,29,1.05
deepseek_1166,1,16,
deepseek_1166,4,12,
deepseek_1166,0,23,
deepseek_1166,3,17,
deepseek_1166,9,29,
deepseek_1174,0,21,1
deepseek_1174,1,8,1
deepseek_1174,3,16,
deepseek_1174,4,14,1
deepseek_1174,9,31,99
deepseek_1182,0,22,1
deepseek_1182,1,12,
deepseek_1182,3,20,
deepseek_1182,4,13,
deepseek_1182,9,29,
deepseek_1183,0,19,1
deepseek_1183,1,19,
deepseek_1183,3,16,96.74
deepseek_1183,4,13,1
deepseek_1183,9,24,83
deepseek_1184,0,17,
deepseek_1184,1,14,1
deepseek_1184,3,15,
deepseek_1184,4,15,
deepseek_1184,9,26,
deepseek_1185,1,15,
deepseek_1185,9,29,1.05
deepseek_1185,3,18,
deepseek_1185,4,15,
deepseek_1185,0,18,1
deepseek_1190,0,13,
deepseek_1190,1,15,
deepseek_1190,3,12,
deepseek_1190,4,16,1
deepseek_1190,9,24,
deepseek_1193,0,24,
deepseek_1193,1,14,20.23
deepseek_1193,3,9,
deepseek_1193,4,14,
deepseek_1193,9,39,60.52
deepseek_1214,0,21,1
deepseek_1214,4,13,
deepseek_1214,1,13,
deepseek_1214,3,14,
deepseek_1214,9,26,
deepseek_1215,0,22,
deepseek_1215,1,11,99
deepseek_1215,3,12,
deepseek_1215,4,13,
deepseek_1215,9,33,67.94
deepseek_1216,0,15,97.84
deepseek_1216,1,11,
deepseek_1216,3,13,
deepseek_1216,4,14,
deepseek_1216,9,31,
deepseek_1217,0,22,
deepseek_1217,1,11,
deepseek_1217,3,13,
deepseek_1217,4,14,
deepseek_1217,9,24,
deepseek_1218,0,22,
deepseek_1218,1,16,
deepseek_1218,3,15,97.84
deepseek_1218,4,14,
deepseek_1218,9,32,1.56
deepseek_1219,0,17,1
deepseek_1219,1,14,1
deepseek_1219,3,18,
deepseek_1219,4,16,1
deepseek_1219,9,19,1
deepseek_1220,0,25,
deepseek_1220,1,16,
deepseek_1220,3,48,1
deepseek_1220,4,14,
deepseek_1220,9,22,1
deepseek_1226,0,15,
deepseek_1226,1,13,1
deepseek_1226,3,16,
deepseek_1226,4,15,1
deepseek_1226,9,32,69.4
deepseek_1227,0,23,
deepseek_1227,1,11,99
deepseek_1227,3,13,
deepseek_1227,4,10,1
deepseek_1227,9,33,1.71
deepseek_1228,0,18,
deepseek_1228,1,11,99
deepseek_1228,3,14,
deepseek_1228,4,11,1
deepseek_1228,9,29,1.05
deepseek_1233,0,18,93.93
deepseek_1233,1,13,1
deepseek_1233,3,12,1
deepseek_1233,4,13,
deepseek_1233,9,19,
deepseek_1234,0,17,20.23
deepseek_1234,1,12,99
deepseek_1234,3,12,1
deepseek_1234,4,12,1
deepseek_1234,9,27,1
deepseek_1237,0,22,
deepseek_1237,1,15,
deepseek_1237,3,15,
deepseek_1237,4,15,
deepseek_1237,9,22,
deepseek_1240,0,18,
deepseek_1240,1,13,
deepseek_1240,3,20,
deepseek_1240,4,10,
deepseek_1240,9,34,95.42
deepseek_1241,0,26,79.29
deepseek_1241,1,12,
deepseek_1241,3,11,
deepseek_1241,4,10,
deepseek_1241,9,30,72.45
deepseek_1244,0,19,1
deepseek_1244,1,13,
deepseek_1244,3,13,
deepseek_1244,4,15,
deepseek_1244,9,28,1
deepseek_1245,0,26,
deepseek_1245,1,16,
deepseek_1245,3,10,
deepseek_1245,4,12,1
deepseek_1245,9,20,
deepseek_1246,1,16,
deepseek_1246,0,23,1
deepseek_1246,4,12,1
deepseek_1246,3,16,
deepseek_1246,9,29,1
deepseek_1247,0,21,20.23
deepseek_1247,1,16,20.23
deepseek_1247,3,15,97.84
deepseek_1247,4,13,1
deepseek_1247,9,24,1
deepseek_1257,0,20,1
deepseek_1257,1,14,1
deepseek_1257,3,12,
deepseek_1257,4,13,
deepseek_1257,9,32,
deepseek_1258,4,11,
deepseek_1258,1,11,
deepseek_1258,0,21,
deepseek_1258,9,26,
deepseek_1258,3,14,
deepseek_1260,3,11,
deepseek_1260,0,14,98.65
deepseek_1260,4,15,99
deepseek_1260,1,10,
deepseek_1260,9,24,
deepseek_1264,0,18,20.23
deepseek_1264,1,10,99
deepseek_1264,3,14,20.23
deepseek_1264,4,12,1
deepseek_1264,9,24,83
deepseek_1270,0,18,93.93
deepseek_1270,1,15,
deepseek_1270,3,22,
deepseek_1270,4,13,
deepseek_1270,9,32,
deepseek_1271,0,17,1
deepseek_1271,1,16,
deepseek_1271,3,15,
deepseek_1271,4,13,
deepseek_1271,9,20,
deepseek_1272,0,27,1
deepseek_1272,1,23,1
deepseek_1272,3,16,
deepseek_1272,4,11,
deepseek_1272,9,30,
deepseek_1273,0,22,1
deepseek_1273,1,25,1
deepseek_1273,3,15,
deepseek_1273,4,11,
deepseek_1273,9,30,
deepseek_1277,0,24,1
deepseek_1277,1,14,98.65
deepseek_1277,3,14,
deepseek_1277,4,14,
deepseek_1277,9,29,
deepseek_1278,0,22,86.79
deepseek_1278,1,19,92.27
deepseek_1278,3,14,
deepseek_1278,4,13,
deepseek_1278,9,25,1
deepseek_1285,0,27,
deepseek_1285,1,19,20.23
deepseek_1285,3,12,
deepseek_1285,4,12,
deepseek_1285,9,29,1.05
deepseek_1291,0,22,1
deepseek_1291,1,15,97.84
deepseek_1291,3,16,
deepseek_1291,4,13,
deepseek_1291,9,31,
deepseek_1292,0,23,1
deepseek_1292,1,15,20.23
deepseek_1292,3,18,
deepseek_1292,4,19,
deepseek_1292,9,23,
deepseek_1293,1,16,96.74
deepseek_1293,0,27,1
deepseek_1293,9,26,
deepseek_1293,4,13,
deepseek_1293,3,18,
deepseek_1295,0,23,1
deepseek_1295,1,15,
deepseek_1295,3,15,1
deepseek_1295,4,14,1
deepseek_1295,9,31,1.4
deepseek_1296,0,21,1
deepseek_1296,1,20,1
deepseek_1296,3,17,1
deepseek_1296,4,9,1
deepseek_1296,9,27,1
deepseek_1298,0,20,
deepseek_1298,1,15,
deepseek_1298,3,14,
deepseek_1298,4,12,
deepseek_1298,9,29,
deepseek_1299,0,17,
deepseek_1299,1,12,
deepseek_1299,3,12,
deepseek_1299,4,13,
deepseek_1299,9,34,
deepseek_1300,0,18,93.93
deepseek_1300,1,10,99
deepseek_1300,3,13,
deepseek_1300,4,12,
deepseek_1300,9,34,
deepseek_1301,0,24,1
deepseek_1301,1,14,
deepseek_1301,3,15,
deepseek_1301,4,11,
deepseek_1301,9,26,
deepseek_1302,0,20,1
deepseek_1302,1,13,
deepseek_1302,3,15,
deepseek_1302,4,15,
deepseek_1302,9,29,
deepseek_1303,0,20,
deepseek_1303,3,12,
deepseek_1303,1,12,
deepseek_1303,4,14,
deepseek_1303,9,29,
deepseek_1304,0,23,20.23
deepseek_1304,1,18,93.93
deepseek_1304,3,23,99
deepseek_1304,4,16,96.74
deepseek_1304,9,33,96.12
deepseek_1305,0,18,
deepseek_1305,1,14,
deepseek_1305,3,15,97.84
deepseek_1305,4,17,
deepseek_1305,9,33,67.94
deepseek_1323,0,19,92.27
deepseek_1323,1,20,99
deepseek_1323,4,12,1
deepseek_1323,3,18,
deepseek_1323,9,34,1.85
deepseek_1324,0,18,20.23
deepseek_1324,1,16,96.74
deepseek_1324,3,14,
deepseek_1324,4,14,1
deepseek_1324,9,33,20.23
deepseek_1325,3,11,1
deepseek_1325,4,16,1
deepseek_1325,9,24,1
deepseek_1325,0,18,
deepseek_1325,1,15,
deepseek_1330,0,17,95.42
deepseek_1330,1,15,
deepseek_1330,3,14,98.65
deepseek_1330,4,13,
deepseek_1330,9,26,79.29
deepseek_1331,0,19,20.23
deepseek_1331,9,27,1
deepseek_1331,1,16,96.74
deepseek_1331,3,18,93.93
deepseek_1331,4,16,
deepseek_1332,0,15,20.23
deepseek_1332,1,16,96.74
deepseek_1332,3,17,20.23
deepseek_1332,4,10,99
deepseek_1332,9,29,
deepseek_1333,0,14,
deepseek_1333,1,14,98.65
deepseek_1333,3,13,
deepseek_1333,4,10,
deepseek_1333,9,26,1
deepseek_1335,0,17,95.42
deepseek_1335,1,14,
deepseek_1335,3,16,96.74
deepseek_1335,4,12,
deepseek_1335,9,29,
deepseek_1343,0,18,
deepseek_1343,1,10,99
deepseek_1343,3,12,99
deepseek_1343,4,12,
deepseek_1343,9,22,
deepseek_1344,0,16,1
deepseek_1344,1,12,1
deepseek_1344,3,14,1
deepseek_1344,4,14,
deepseek_1344,9,26,1
deepseek_1346,0,17,
deepseek_1346,1,10,
deepseek_1346,3,11,99
deepseek_1346,4,16,
deepseek_1346,9,19,92.27
deepseek_1347,0,17,
deepseek_1347,1,13,
deepseek_1347,3,13,99
deepseek_1347,4,13,
deepseek_1347,9,27,77.5
deepseek_1351,0,14,1
deepseek_1351,1,18,99
deepseek_1351,3,13,99
deepseek_1351,4,16,1
deepseek_1351,9,32,96.74
deepseek_1365,0,25,81.12
deepseek_1365,1,14,
deepseek_1365,3,15,
deepseek_1365,4,14,
deepseek_1365,9,27,77.5
deepseek_1368,0,21,1
deepseek_1368,1,12,
deepseek_1368,3,14,
deepseek_1368,4,10,
deepseek_1368,9,24,83
deepseek_1381,0,20,90.5
deepseek_1381,1,11,1
deepseek_1381,3,24,1
deepseek_1381,4,17,1
deepseek_1381,9,27,77.5
deepseek_1382,0,17,95.42
deepseek_1382,1,11,1
deepseek_1382,3,15,1
deepseek_1382,4,16,
deepseek_1382,9,29,
deepseek_1383,0,25,1
deepseek_1383,1,26,1
deepseek_1383,3,6,
deepseek_1383,4,16,1
deepseek_1383,9,23,84.9
deepseek_1384,0,21,1
deepseek_1384,4,14,
deepseek_1384,9,26,
deepseek_1384,1,17,
deepseek_1384,3,18,1
deepseek_1395,1,11,99
deepseek_1395,3,16,
deepseek_1395,4,13,
deepseek_1395,0,18,
deepseek_1395,9,30,
deepseek_1396,0,18,
deepseek_1396,1,16,
deepseek_1396,3,16,
deepseek_1396,4,12,1
deepseek_1396,9,27,
deepseek_1398,0,17,99
deepseek_1398,1,9,99
deepseek_1398,3,16,96.74
deepseek_1398,4,20,90.5
deepseek_1398,9,28,75.77
deepseek_1399,0,17,95.42
deepseek_1399,1,11,99
deepseek_1399,3,10,99
deepseek_1399,4,12,99
deepseek_1399,9,24,20.23
deepseek_1400,1,17,95.42
deepseek_1400,4,14,
deepseek_1400,3,14,
deepseek_1400,0,20,
deepseek_1400,9,30,72.45
deepseek_1401,0,20,
deepseek_1401,1,15,
deepseek_1401,3,17,95.42
deepseek_1401,4,16,
deepseek_1401,9,30,
deepseek_1422,0,24,99
deepseek_1422,1,22,20.23
deepseek_1422,3,12,
deepseek_1422,4,15,
deepseek_1422,9,29,
deepseek_1423,3,19,1
deepseek_1423,0,25,
deepseek_1423,4,18,
deepseek_1423,1,15,1
deepseek_1423,9,37,
deepseek_1424,0,26,20.23
deepseek_1424,1,15,97.84
deepseek_1424,3,19,
deepseek_1424,4,13,
deepseek_1424,9,31,1.4
deepseek_1425,3,17,1
deepseek_1425,4,14,
deepseek_1425,1,16,
deepseek_1425,9,30,
deepseek_1425,0,28,1
deepseek_1426,0,27,1
deepseek_1426,1,17,1
deepseek_1426,3,15,
deepseek_1426,4,14,
deepseek_1426,9,31,70.91
deepseek_1427,0,21,1
deepseek_1427,1,19,99
deepseek_1427,3,19,92.27
deepseek_1427,4,13,
deepseek_1427,9,22,
deepseek_1428,1,17,1
deepseek_1428,0,21,1
deepseek_1428,3,16,96.74
deepseek_1428,4,14,
deepseek_1428,9,30,
deepseek_1429,0,27,1
deepseek_1429,3,16,96.74
deepseek_1429,4,13,
deepseek_1429,1,17,1
deepseek_1429,9,22,1
deepseek_1430,0,21,1
deepseek_1430,1,20,20.23
deepseek_1430,3,16,96.74
deepseek_1430,4,13,
deepseek_1430,9,31,70.91
deepseek_1433,0,19,1
deepseek_1433,1,14,98.65
deepseek_1433,3,16,
deepseek_1433,4,13,
deepseek_1433,9,30,
deepseek_1434,0,18,20.23
deepseek_1434,1,16,96.74
deepseek_1434,3,14,
deepseek_1434,4,14,
deepseek_1434,9,27,1
deepseek_1435,0,17,1
deepseek_1435,1,16,1
deepseek_1435,3,13,
deepseek_1435,4,17,
deepseek_1435,9,37,2.35
deepseek_1436,0,23,1
deepseek_1436,1,13,
deepseek_1436,3,15,97.84
deepseek_1436,4,16,
deepseek_1436,9,28,
deepseek_1437,0,19,1
deepseek_1437,1,17,1
deepseek_1437,3,16,1
deepseek_1437,4,14,
deepseek_1437,9,34,
deepseek_1440,0,24,1
deepseek_1440,1,16,96.74
deepseek_1440,3,14,
deepseek_1440,4,12,
deepseek_1440,9,30,1.23
deepseek_1441,1,11,20.23
deepseek_1441,3,15,
deepseek_1441,9,20,1
deepseek_1441,4,11,1
deepseek_1441,0,19,1
deepseek_1442,0,25,
deepseek_1442,1,19,1
deepseek_1442,4,13,
deepseek_1442,9,21,1
deepseek_1442,3,21,
deepseek_1443,0,20,
deepseek_1443,4,10,1
deepseek_1443,3,13,1
deepseek_1443,1,16,1
deepseek_1443,9,23,
deepseek_1446,0,24,83
deepseek_1446,1,15,
deepseek_1446,3,15,1
deepseek_1446,4,13,
deepseek_1446,9,31,1.4
deepseek_1448,0,17,95.42
deepseek_1448,1,15,
deepseek_1448,3,16,
deepseek_1448,4,12,
deepseek_1448,9,25,1
deepseek_1454,0,26,1
deepseek_1454,1,11,99
deepseek_1454,4,13,1
deepseek_1454,9,30,1.23
deepseek_1454,3,13,99
deepseek_1458,0,18,93.93
deepseek_1458,1,15,97.84
deepseek_1458,3,13,
deepseek_1458,4,12,99
deepseek_1458,9,34,1.85
deepseek_1461,0,21,20.23
deepseek_1461,1,24,83
deepseek_1461,3,15,
deepseek_1461,4,12,
deepseek_1461,9,30,1.23
deepseek_1462,0,21,1
deepseek_1462,1,17,
deepseek_1462,3,12,
deepseek_1462,4,14,
deepseek_1462,9,24,1
deepseek_1463,0,12,99
deepseek_1463,1,26,1
deepseek_1463,3,17,
deepseek_1463,4,13,
deepseek_1463,9,34,
deepseek_1464,0,15,20.23
deepseek_1464,1,11,1
deepseek_1464,3,15,20.23
deepseek_1464,4,13,
deepseek_1464,9,22,
deepseek_1466,0,19,20.23
deepseek_1466,1,12,1
deepseek_1466,3,18,1
deepseek_1466,4,12,
deepseek_1466,9,21,88.66
deepseek_1468,0,17,
deepseek_1468,3,13,
deepseek_1468,1,10,20.23
deepseek_1468,4,13,
deepseek_1468,9,26,1
deepseek_1483,0,13,
deepseek_1483,1,19,
deepseek_1483,3,14,
deepseek_1483,4,10,
deepseek_1483,9,28,75.77
deepseek_1484,1,13,99
deepseek_1484,0,22,1
deepseek_1484,3,13,
deepseek_1484,4,11,
deepseek_1484,9,28,75.77
deepseek_1485,0,21,20.23
deepseek_1485,1,14,
deepseek_1485,3,15,97.84
deepseek_1485,4,16,1
deepseek_1485,9,28,1
deepseek_1486,0,21,20.23
deepseek_1486,1,11,
deepseek_1486,3,15,97.84
deepseek_1486,4,16,
deepseek_1486,9,30,72.45
deepseek_1487,0,16,96.74
deepseek_1487,1,15,1
deepseek_1487,3,13,
deepseek_1487,4,11,
deepseek_1487,9,25,20.23
deepseek_1488,0,14,
deepseek_1488,4,11,1
deepseek_1488,9,22,86.79
deepseek_1488,3,11,
deepseek_1488,1,15,1
deepseek_1489,0,20,
deepseek_1489,1,16,1
deepseek_1489,3,14,
deepseek_1489,4,13,
deepseek_1489,9,26,79.29
deepseek_1490,1,16,1
deepseek_1490,3,14,
deepseek_1490,0,22,20.23
deepseek_1490,9,22,
deepseek_1490,4,13,
deepseek_1491,0,20,
deepseek_1491,1,14,1
deepseek_1491,3,14,
deepseek_1491,4,12,
deepseek_1491,9,29,74.09
deepseek_1498,0,21,1
deepseek_1498,1,16,1
deepseek_1498,3,12,1
deepseek_1498,4,13,
deepseek_1498,9,24,1
deepseek_1506,0,20,1
deepseek_1506,1,14,1
deepseek_1506,3,9,
deepseek_1506,4,9,
deepseek_1506,9,25,
deepseek_1507,0,24,1
deepseek_1507,1,14,
deepseek_1507,3,11,
deepseek_1507,4,9,
deepseek_1507,9,25,
deepseek_1508,0,18,
deepseek_1508,1,14,1
deepseek_1508,3,12,
deepseek_1508,4,11,
deepseek_1508,9,26,1
deepseek_1515,0,17,95.42
deepseek_1515,1,18,93.93
deepseek_1515,3,15,97.84
deepseek_1515,4,10,
deepseek_1515,9,14,
deepseek_1516,0,14,98.65
deepseek_1516,1,13,99
deepseek_1516,3,13,
deepseek_1516,4,12,
deepseek_1516,9,31,97.31
deepseek_1517,0,15,
deepseek_1517,1,10,1
deepseek_1517,3,16,96.74
deepseek_1517,4,13,99
deepseek_1517,9,20,90.5
deepseek_1520,0,15,
deepseek_1520,1,10,99
deepseek_1520,3,13,
deepseek_1520,4,15,1
deepseek_1520,9,31,1.4
deepseek_1525,0,21,
deepseek_1525,1,15,
deepseek_1525,3,12,99
deepseek_1525,4,11,
deepseek_1525,9,30,
deepseek_1527,0,13,
deepseek_1527,3,12,20.23
deepseek_1527,4,12,
deepseek_1527,1,11,99
deepseek_1527,9,30,
deepseek_1528,0,26,20.23
deepseek_1528,1,14,98.65
deepseek_1528,3,14,20.23
deepseek_1528,4,15,
deepseek_1528,9,29,
deepseek_1533,0,21,1
deepseek_1533,1,25,1
deepseek_1533,3,16,20.23
deepseek_1533,4,13,
deepseek_1533,9,20,90.5
deepseek_1534,0,21,88.66
deepseek_1534,1,23,84.9
deepseek_1534,3,9,
deepseek_1534,4,13,1
deepseek_1534,9,30,97.84
deepseek_1546,9,30,1.23
deepseek_1546,4,11,1
deepseek_1546,3,14,
deepseek_1546,1,14,1
deepseek_1546,0,19,1
deepseek_1548,0,21,1
deepseek_1548,1,15,
deepseek_1548,3,18,
deepseek_1548,4,17,1
deepseek_1548,9,37,2.35
deepseek_1549,0,20,
deepseek_1549,1,15,97.84
deepseek_1549,3,18,1
deepseek_1549,4,18,1
deepseek_1549,9,34,95.42
deepseek_1550,0,19,
deepseek_1550,1,17,95.42
deepseek_1550,3,16,
deepseek_1550,4,12,
deepseek_1550,9,27,
deepseek_1552,0,24,
deepseek_1552,1,14,
deepseek_1552,3,15,
deepseek_1552,9,24,
deepseek_1552,4,11,
deepseek_1553,0,15,97.84
deepseek_1553,1,16,96.74
deepseek_1553,3,14,98.65
deepseek_1553,4,15,
deepseek_1553,9,24,
deepseek_1554,0,15,97.84
deepseek_1554,1,16,96.74
deepseek_1554,3,15,
deepseek_1554,4,15,
deepseek_1554,9,28,75.77
deepseek_1556,0,20,20.23
deepseek_1556,1,12,
deepseek_1556,3,13,99
deepseek_1556,4,11,
deepseek_1556,9,30,
deepseek_1559,0,14,
deepseek_1559,1,13,
deepseek_1559,3,11,99
deepseek_1559,4,11,
deepseek_1559,9,30,20.23
deepseek_1566,1,16,
deepseek_1566,0,20,
deepseek_1566,9,31,
deepseek_1566,3,13,
deepseek_1566,4,14,1
deepseek_1573,3,12,
deepseek_1573,1,12,
deepseek_1573,9,28,75.77
deepseek_1573,4,12,
deepseek_1573,0,14,
deepseek_1574,0,21,1
deepseek_1574,1,11,
deepseek_1574,3,11,
deepseek_1574,4,13,
deepseek_1574,9,31,1.4
deepseek_1575,1,12,
deepseek_1575,3,16,
deepseek_1575,0,15,
deepseek_1575,4,14,
deepseek_1575,9,30,
deepseek_1576,0,23,84.9
deepseek_1576,1,13,
deepseek_1576,3,14,1
deepseek_1576,4,12,1
deepseek_1576,9,33,
deepseek_1581,0,17,1
deepseek_1581,1,11,
deepseek_1581,3,21,
deepseek_1581,4,16,
deepseek_1581,9,25,
deepseek_1592,0,19,
deepseek_1592,1,17,
deepseek_1592,3,13,
deepseek_1592,4,16,
deepseek_1592,9,23,
deepseek_1593,0,16,96.74
deepseek_1593,1,11,99
deepseek_1593,3,15,
deepseek_1593,4,13,1
deepseek_1593,9,21,
deepseek_1594,0,16,1
deepseek_1594,3,13,
deepseek_1594,4,13,
deepseek_1594,9,25,
deepseek_1594,1,14,
deepseek_1595,0,26,
deepseek_1595,1,14,1
deepseek_1595,3,11,
deepseek_1595,4,15,
deepseek_1595,9,31,
deepseek_1596,0,24,83
deepseek_1596,1,15,
deepseek_1596,3,15,
deepseek_1596,4,13,
deepseek_1596,9,28,
deepseek_1597,0,22,1
deepseek_1597,4,12,1
deepseek_1597,1,15,
deepseek_1597,9,26,1
deepseek_1597,3,16,
deepseek_1598,0,21,88.66
deepseek_1598,1,14,1
deepseek_1598,3,16,99
deepseek_1598,4,17,1
deepseek_1598,9,26,79.29
deepseek_1599,0,19,1
deepseek_1599,1,10,1
deepseek_1599,3,13,
deepseek_1599,4,14,
deepseek_1599,9,28,1
deepseek_1600,0,17,99
deepseek_1600,1,10,1
deepseek_1600,3,11,
deepseek_1600,4,13,
deepseek_1600,9,30,1.23
deepseek_1601,0,22,86.79
deepseek_1601,1,12,1
deepseek_1601,3,13,99
deepseek_1601,4,14,
deepseek_1601,9,30,1.23
deepseek_1602,4,15,97.84
deepseek_1602,9,32,
deepseek_1602,3,14,
deepseek_1602,1,12,99
deepseek_1602,0,20,
deepseek_1603,0,17,
deepseek_1603,1,15,
deepseek_1603,3,19,92.27
deepseek_1603,4,13,1
deepseek_1603,9,30,72.45
deepseek_1606,1,15,20.23
deepseek_1606,0,21,1
deepseek_1606,3,16,96.74
deepseek_1606,9,27,
deepseek_1606,4,16,1
deepseek_1607,0,19,
deepseek_1607,3,19,92.27
deepseek_1607,1,16,1
deepseek_1607,4,14,98.65
deepseek_1607,9,24,
deepseek_1609,0,18,93.93
deepseek_1609,1,14,1
deepseek_1609,3,16,1
deepseek_1609,4,18,20.23
deepseek_1609,9,29,74.09
deepseek_1610,0,20,1
deepseek_1610,1,15,20.23
deepseek_1610,3,16,1
deepseek_1610,4,12,99
deepseek_1610,9,32,
deepseek_1612,0,17,1
deepseek_1612,1,10,
deepseek_1612,3,10,
deepseek_1612,4,11,
deepseek_1612,9,34,
deepseek_1614,0,22,1
deepseek_1614,1,12,1
deepseek_1614,3,16,96.74
deepseek_1614,4,11,
deepseek_1614,9,31,1
deepseek_1615,3,16,96.74
deepseek_1615,1,12,1
deepseek_1615,0,22,1
deepseek_1615,4,11,
deepseek_1615,9,26,1
deepseek_1616,0,19,1
deepseek_1616,1,12,1
deepseek_1616,3,16,96.74
deepseek_1616,4,11,
deepseek_1616,9,31,1
deepseek_1621,0,18,20.23
deepseek_1621,1,10,99
deepseek_1621,3,9,99
deepseek_1621,4,11,
deepseek_1621,9,31,70.91
deepseek_1626,0,11,
deepseek_1626,1,10,99
deepseek_1626,3,16,96.74
deepseek_1626,4,14,
deepseek_1626,9,26,
deepseek_1627,4,12,
deepseek_1627,0,19,1
deepseek_1627,1,60,1.23
deepseek_1627,9,22,
deepseek_1627,3,10,
deepseek_1631,0,26,79.29
deepseek_1631,1,14,98.65
deepseek_1631,3,12,
deepseek_1631,4,15,
deepseek_1631,9,32,20.23
deepseek_1632,0,18,93.93
deepseek_1632,1,11,99
deepseek_1632,3,21,20.23
deepseek_1632,4,14,
deepseek_1632,9,25,1
deepseek_1633,0,23,1
deepseek_1633,1,15,20.23
deepseek_1633,3,12,1
deepseek_1633,4,16,
deepseek_1633,9,28,
deepseek_1635,0,19,99
deepseek_1635,1,22,20.23
deepseek_1635,3,20,20.23
deepseek_1635,4,18,1
deepseek_1635,9,28,20.23
deepseek_1636,0,19,20.23
deepseek_1636,1,37,62.77
deepseek_1636,3,23,84.9
deepseek_1636,4,18,1
deepseek_1636,9,29,20.23
deepseek_1637,0,22,20.23
deepseek_1637,1,13,99
deepseek_1637,9,35,1.98
deepseek_1637,3,18,1
deepseek_1637,4,10,
deepseek_1651,0,21,20.23
deepseek_1651,1,12,
deepseek_1651,3,14,
deepseek_1651,4,14,
deepseek_1651,9,30,72.45
deepseek_1652,0,16,1
deepseek_1652,1,12,
deepseek_1652,3,11,
deepseek_1652,4,11,
deepseek_1652,9,25,1
deepseek_1653,1,12,1
deepseek_1653,9,26,
deepseek_1653,0,15,97.84
deepseek_1653,4,14,
deepseek_1653,3,14,
deepseek_1654,0,19,1
deepseek_1654,1,14,
deepseek_1654,3,13,1
deepseek_1654,4,13,
deepseek_1654,9,30,1.23
deepseek_1660,0,19,
deepseek_1660,1,14,
deepseek_1660,3,18,
deepseek_1660,4,12,
deepseek_1660,9,33,1
deepseek_1661,0,22,
deepseek_1661,1,17,
deepseek_1661,9,27,77.5
deepseek_1661,3,17,
deepseek_1661,4,14,
deepseek_1662,0,17,20.23
deepseek_1662,1,12,
deepseek_1662,3,18,
deepseek_1662,4,9,
deepseek_1662,9,26,79.29
deepseek_1665,0,18,93.93
deepseek_1665,1,13,
deepseek_1665,3,13,
deepseek_1665,4,11,
deepseek_1665,9,28,1
deepseek_1668,0,20,1
deepseek_1668,1,18,
deepseek_1668,3,18,93.93
deepseek_1668,4,13,
deepseek_1668,9,20,
deepseek_1671,0,15,1
deepseek_1671,1,11,
deepseek_1671,3,16,96.74
deepseek_1671,4,12,
deepseek_1671,9,32,69.4
deepseek_1675,3,20,
deepseek_1675,1,11,
deepseek_1675,0,17,
deepseek_1675,9,21,
deepseek_1675,4,10,
deepseek_1676,0,19,1
deepseek_1676,1,10,
deepseek_1676,3,12,
deepseek_1676,4,16,
deepseek_1676,9,35,65.27
deepseek_1679,0,24,1
deepseek_1679,1,8,99
deepseek_1679,3,10,99
deepseek_1679,4,16,
deepseek_1679,9,27,
deepseek_1681,0,13,
deepseek_1681,4,10,
deepseek_1681,1,10,
deepseek_1681,3,12,
deepseek_1681,9,34,
deepseek_1692,3,13,
deepseek_1692,1,16,1
deepseek_1692,4,13,1
deepseek_1692,0,20,
deepseek_1692,9,29,1.05
deepseek_1709,0,18,
deepseek_1709,1,13,
deepseek_1709,3,14,
deepseek_1709,4,14,
deepseek_1709,9,29,
deepseek_1712,0,14,98.65
deepseek_1712,1,13,1
deepseek_1712,3,14,
deepseek_1712,4,14,20.23
deepseek_1712,9,29,20.23
deepseek_1714,0,19,1
deepseek_1714,1,12,
deepseek_1714,3,11,1
deepseek_1714,4,11,
deepseek_1714,9,27,
deepseek_1721,0,14,
deepseek_1721,1,10,
deepseek_1721,3,14,
deepseek_1721,4,11,
deepseek_1721,9,27,
deepseek_1725,0,20,
deepseek_1725,1,12,99
deepseek_1725,3,12,
deepseek_1725,4,12,99
deepseek_1725,9,36,
deepseek_1726,0,23,
deepseek_1726,1,13,
deepseek_1726,3,10,
deepseek_1726,4,10,
deepseek_1726,9,19,
deepseek_1732,0,18,1
deepseek_1732,1,18,20.23
deepseek_1732,3,12,
deepseek_1732,4,12,
deepseek_1732,9,31,
deepseek_1733,0,18,1
deepseek_1733,1,17,
deepseek_1733,3,12,
deepseek_1733,4,11,
deepseek_1733,9,31,
deepseek_1735,0,13,99
deepseek_1735,1,10,99
deepseek_1735,3,14,1
deepseek_1735,4,13,99
deepseek_1735,9,30,
deepseek_1739,0,15,1
deepseek_1739,1,10,
deepseek_1739,9,23,
deepseek_1739,3,14,1
deepseek_1739,4,10,
deepseek_1743,3,14,
deepseek_1743,1,20,
deepseek_1743,4,11,
deepseek_1743,0,20,1
deepseek_1743,9,26,
deepseek_1753,0,20,
deepseek_1753,1,15,
deepseek_1753,3,14,1
deepseek_1753,4,15,
deepseek_1753,9,29,
deepseek_1755,0,18,1
deepseek_1755,1,13,1
deepseek_1755,3,18,1
deepseek_1755,4,14,
deepseek_1755,9,30,1.23
deepseek_1756,0,25,81.12
deepseek_1756,1,12,1
deepseek_1756,3,13,99
deepseek_1756,4,14,
deepseek_1756,9,28,1
deepseek_1757,0,23,1
deepseek_1757,1,12,1
deepseek_1757,3,14,
deepseek_1757,4,11,
deepseek_1757,9,31,
deepseek_1758,0,16,
deepseek_1758,1,11,99
deepseek_1758,3,23,
deepseek_1758,4,12,1
deepseek_1758,9,26,20.23
deepseek_1759,0,18,
deepseek_1759,1,14,
deepseek_1759,3,11,
deepseek_1759,4,12,
deepseek_1759,9,29,
deepseek_1760,0,18,
deepseek_1760,1,40,90.5
deepseek_1760,3,13,
deepseek_1760,4,13,
deepseek_1760,9,34,1.85
deepseek_1761,0,29,
deepseek_1761,1,18,
deepseek_1761,3,15,1
deepseek_1761,4,13,
deepseek_1761,9,30,
deepseek_1762,0,17,1
deepseek_1762,1,15,97.84
deepseek_1762,3,14,
deepseek_1762,4,11,
deepseek_1762,9,28,75.77
deepseek_1763,0,14,1
deepseek_1763,9,18,
deepseek_1763,3,14,
deepseek_1763,4,13,
deepseek_1763,1,16,
deepseek_1764,0,16,
deepseek_1764,1,12,1
deepseek_1764,3,15,1
deepseek_1764,4,14,1
deepseek_1764,9,34,1.85
deepseek_1765,0,16,
deepseek_1765,1,11,
deepseek_1765,3,15,1
deepseek_1765,4,14,1
deepseek_1765,9,22,1
deepseek_1766,0,20,
deepseek_1766,1,13,
deepseek_1766,3,18,
deepseek_1766,4,13,
deepseek_1766,9,26,
deepseek_1767,0,18,1
deepseek_1767,1,14,
deepseek_1767,3,18,
deepseek_1767,4,12,
deepseek_1767,9,28,99
deepseek_1768,0,20,
deepseek_1768,1,13,99
deepseek_1768,3,19,
deepseek_1768,4,16,
deepseek_1768,9,28,
deepseek_1769,3,22,
deepseek_1769,1,11,
deepseek_1769,4,16,
deepseek_1769,0,17,
deepseek_1769,9,28,
deepseek_1770,0,21,1
deepseek_1770,1,13,
deepseek_1770,3,15,1
deepseek_1770,4,13,
deepseek_1770,9,29,1
deepseek_1771,0,21,1
deepseek_1771,1,17,95.42
deepseek_1771,3,16,20.23
deepseek_1771,4,14,
deepseek_1771,9,29,
deepseek_1776,0,17,1
deepseek_1776,1,11,99
deepseek_1776,3,14,98.65
deepseek_1776,4,13,
deepseek_1776,9,29,
deepseek_1779,3,12,
deepseek_1779,0,23,1
deepseek_1779,9,30,
deepseek_1779,1,10,
deepseek_1779,4,11,
deepseek_1780,0,19,1
deepseek_1780,1,14,1
deepseek_1780,3,19,99
deepseek_1780,4,13,
deepseek_1780,9,29,1.05
deepseek_1782,0,22,20.23
deepseek_1782,1,10,1
deepseek_1782,3,16,
deepseek_1782,4,13,1
deepseek_1782,9,27,1
deepseek_1785,0,26,
deepseek_1785,1,13,
deepseek_1785,3,13,1
deepseek_1785,4,11,
deepseek_1785,9,28,
deepseek_1789,0,17,
deepseek_1789,1,16,
deepseek_1789,3,15,
deepseek_1789,4,11,
deepseek_1789,9,22,
deepseek_1790,0,16,
deepseek_1790,1,16,96.74
deepseek_1790,3,15,
deepseek_1790,4,16,
deepseek_1790,9,32,69.4
deepseek_1792,0,17,99
deepseek_1792,1,12,1
deepseek_1792,3,17,95.42
deepseek_1792,4,14,98.65
deepseek_1792,9,23,
deepseek_1796,0,18,20.23
deepseek_1796,1,19,1
deepseek_1796,3,15,99
deepseek_1796,4,12,1
deepseek_1796,9,30,72.45
deepseek_1800,0,37,
deepseek_1800,1,10,99
deepseek_1800,4,15,97.84
deepseek_1800,9,29,74.09
deepseek_1800,3,15,97.84
deepseek_1802,0,19,99
deepseek_1802,1,13,
deepseek_1802,3,18,1
deepseek_1802,4,14,1
deepseek_1802,9,29,20.23
deepseek_1805,0,26,1
deepseek_1805,1,15,
deepseek_1805,3,15,
deepseek_1805,4,13,1
deepseek_1805,9,30,
deepseek_1806,0,19,1
deepseek_1806,1,15,1
deepseek_1806,3,15,20.23
deepseek_1806,4,13,
deepseek_1806,9,26,
deepseek_1839,0,18,93.93
deepseek_1839,1,15,97.84
deepseek_1839,3,12,99
deepseek_1839,4,14,1
deepseek_1839,9,21,1
deepseek_1842,0,14,
deepseek_1842,1,61,
deepseek_1842,3,10,
deepseek_1842,4,12,
deepseek_1842,9,24,99
deepseek_1844,0,16,20.23
deepseek_1844,1,16,1
deepseek_1844,3,15,
deepseek_1844,4,12,
deepseek_1844,9,26,
deepseek_1847,3,12,
deepseek_1847,4,13,
deepseek_1847,9,19,
deepseek_1847,1,16,20.23
deepseek_1847,0,17,95.42
deepseek_1851,0,15,
deepseek_1851,3,13,
deepseek_1851,4,13,
deepseek_1851,9,26,1
deepseek_1851,1,13,99
deepseek_1852,0,19,92.27
deepseek_1852,1,16,1
deepseek_1852,3,15,
deepseek_1852,4,14,
deepseek_1852,9,26,
deepseek_1853,0,19,92.27
deepseek_1853,1,15,
deepseek_1853,3,15,
deepseek_1853,4,12,
deepseek_1853,9,25,1
deepseek_1854,4,12,
deepseek_1854,3,15,
deepseek_1854,9,26,
deepseek_1854,1,15,
deepseek_1854,0,19,92.27
deepseek_1859,0,15,99
deepseek_1859,1,12,99
deepseek_1859,3,9,
deepseek_1859,4,11,99
deepseek_1859,9,24,1
deepseek_1860,0,6,
deepseek_1860,1,12,99
deepseek_1860,3,9,
deepseek_1860,4,7,
deepseek_1860,9,19,
deepseek_1861,0,14,98.65
deepseek_1861,1,18,
deepseek_1861,3,11,
deepseek_1861,4,11,
deepseek_1861,9,26,
deepseek_1865,0,13,1
deepseek_1865,4,10,99
deepseek_1865,1,9,99
deepseek_1865,3,10,99
deepseek_1865,9,20,
deepseek_1866,0,12,99
deepseek_1866,3,10,
deepseek_1866,1,9,
deepseek_1866,4,11,
deepseek_1866,9,29,20.23
deepseek_1867,0,14,98.65
deepseek_1867,1,22,86.79
deepseek_1867,3,10,
deepseek_1867,4,9,
deepseek_1867,9,25,81.12
deepseek_1875,0,15,20.23
deepseek_1875,1,21,
deepseek_1875,3,18,1
deepseek_1875,4,12,1
deepseek_1875,9,24,83
deepseek_1876,0,14,1
deepseek_1876,1,9,99
deepseek_1876,3,13,99
deepseek_1876,4,11,1
deepseek_1876,9,33,
deepseek_1877,0,15,
deepseek_1877,4,12,
deepseek_1877,3,17,
deepseek_1877,9,25,
deepseek_1877,1,11,20.23
deepseek_1878,0,9,
deepseek_1878,1,12,1
deepseek_1878,3,15,
deepseek_1878,4,12,
deepseek_1878,9,24,
deepseek_1879,0,18,1
deepseek_1879,1,11,1
deepseek_1879,3,21,88.66
deepseek_1879,4,13,1
deepseek_1879,9,28,
deepseek_1880,0,15,20.23
deepseek_1880,1,18,
deepseek_1880,3,13,
deepseek_1880,4,13,
deepseek_1880,9,24,
deepseek_1881,0,21,1
deepseek_1881,1,18,
deepseek_1881,3,13,99
deepseek_1881,4,10,
deepseek_1881,9,30,
deepseek_1899,3,12,
deepseek_1899,1,11,20.23
deepseek_1899,4,11,
deepseek_1899,9,27,77.5
deepseek_1899,0,19,1
deepseek_1919,0,22,1
deepseek_1919,1,13,1
deepseek_1919,3,12,
deepseek_1919,4,13,99
deepseek_1919,9,29,
deepseek_1920,0,19,1
deepseek_1920,1,14,
deepseek_1920,3,19,
deepseek_1920,4,14,
deepseek_1920,9,24,83
deepseek_1925,1,12,1
deepseek_1925,3,8,
deepseek_1925,9,25,81.12
deepseek_1925,0,12,1
deepseek_1925,4,10,99
deepseek_1927,0,16,96.74
deepseek_1927,1,13,1
deepseek_1927,3,12,
deepseek_1927,4,15,
deepseek_1927,9,22,1
deepseek_1928,4,13,
deepseek_1928,0,16,1
deepseek_1928,3,15,
deepseek_1928,9,23,99
deepseek_1928,1,13,1
deepseek_1932,0,15,97.84
deepseek_1932,1,11,99
deepseek_1932,3,15,99
deepseek_1932,4,16,
deepseek_1932,9,13,
deepseek_1933,0,15,
deepseek_1933,1,11,
deepseek_1933,3,14,
deepseek_1933,4,12,
deepseek_1933,9,23,
deepseek_1939,0,20,1
deepseek_1939,1,16,
deepseek_1939,3,12,
deepseek_1939,4,11,
deepseek_1939,9,27,77.5
deepseek_1940,0,16,
deepseek_1940,1,11,
deepseek_1940,3,13,99
deepseek_1940,4,12,
deepseek_1940,9,27,
deepseek_1943,0,15,1
deepseek_1943,3,14,
deepseek_1943,1,12,
deepseek_1943,4,11,
deepseek_1943,9,22,86.79
deepseek_1944,0,15,1
deepseek_1944,1,18,1
deepseek_1944,3,17,95.42
deepseek_1944,4,12,1
deepseek_1944,9,24,1
deepseek_1945,0,19,99
deepseek_1945,1,13,99
deepseek_1945,3,17,20.23
deepseek_1945,4,12,99
deepseek_1945,9,28,75.77
deepseek_1946,0,17,1
deepseek_1946,1,17,95.42
deepseek_1946,3,12,
deepseek_1946,4,16,96.74
deepseek_1946,9,31,97.31
deepseek_1947,0,16,1
deepseek_1947,1,13,20.23
deepseek_1947,3,15,1
deepseek_1947,4,12,
deepseek_1947,9,28,75.77
deepseek_1950,0,17,1
deepseek_1950,1,14,1
deepseek_1950,3,15,97.84
deepseek_1950,4,13,
deepseek_1950,9,31,
deepseek_1953,0,14,
deepseek_1953,1,13,
deepseek_1953,3,9,
deepseek_1953,4,13,
deepseek_1953,9,25,
deepseek_1956,0,18,
deepseek_1956,1,23,84.9
deepseek_1956,3,17,95.42
deepseek_1956,4,16,
deepseek_1956,9,25,
deepseek_1957,0,16,96.74
deepseek_1957,1,14,98.65
deepseek_1957,3,9,
deepseek_1957,4,13,99
deepseek_1957,9,21,88.66
deepseek_1964,0,14,
deepseek_1964,1,11,
deepseek_1964,3,10,
deepseek_1964,4,11,
deepseek_1964,9,27,77.5
deepseek_1970,0,16,1
deepseek_1970,1,13,20.23
deepseek_1970,3,14,
deepseek_1970,4,13,
deepseek_1970,9,21,88.66
deepseek_1971,0,11,99
deepseek_1971,1,13,99
deepseek_1971,3,13,
deepseek_1971,4,13,
deepseek_1971,9,31,70.91
deepseek_1975,0,24,1
deepseek_1975,1,13,
deepseek_1975,3,15,1
deepseek_1975,4,14,
deepseek_1975,9,23,1
deepseek_1976,0,24,1
deepseek_1976,3,15,1
deepseek_1976,1,19,92.27
deepseek_1976,9,18,
deepseek_1976,4,12,
deepseek_1981,0,24,20.23
deepseek_1981,1,9,
deepseek_1981,3,10,
deepseek_1981,4,10,
deepseek_1981,9,24,
deepseek_1983,0,18,93.93
deepseek_1983,1,13,
deepseek_1983,3,13,
deepseek_1983,9,30,72.45
deepseek_1983,4,10,
deepseek_1986,0,12,
deepseek_1986,1,20,
deepseek_1986,3,15,
deepseek_1986,4,10,
deepseek_1986,9,22,
deepseek_1987,0,17,
deepseek_1987,1,12,
deepseek_1987,3,17,20.23
deepseek_1987,4,18,
deepseek_1987,9,31,1.4
deepseek_1988,9,33,
deepseek_1988,4,14,98.65
deepseek_1988,1,12,
deepseek_1988,3,13,
deepseek_1988,0,18,
deepseek_1989,0,21,1
deepseek_1989,1,13,99
deepseek_1989,3,14,
deepseek_1989,4,14,
deepseek_1989,9,30,
deepseek_1991,0,16,
deepseek_1991,1,17,
deepseek_1991,3,17,
deepseek_1991,4,18,
deepseek_1991,9,25,81.12
deepseek_1992,0,16,96.74
deepseek_1992,1,12,
deepseek_1992,3,11,
deepseek_1992,4,13,
deepseek_1992,9,29,20.23
deepseek_1993,0,16,
deepseek_1993,1,15,97.84
deepseek_1993,3,11,
deepseek_1993,4,10,
deepseek_1993,9,29,20.23
deepseek_2006,0,24,20.23
deepseek_2006,1,13,1
deepseek_2006,3,10,20.23
deepseek_2006,4,12,99
deepseek_2006,9,26,20.23
deepseek_2007,0,18,1
deepseek_2007,1,15,97.84
deepseek_2007,9,25,1
deepseek_2007,4,23,
deepseek_2007,3,12,20.23
deepseek_2008,0,18,93.93
deepseek_2008,1,15,1
deepseek_2008,3,14,98.65
deepseek_2008,4,14,1
deepseek_2008,9,19,92.27
deepseek_2011,0,21,88.66
deepseek_2011,1,15,97.84
deepseek_2011,3,16,96.74
deepseek_2011,4,15,1
deepseek_2011,9,29,20.23
deepseek_2013,0,17,99
deepseek_2013,1,16,96.74
deepseek_2013,3,21,
deepseek_2013,4,17,95.42
deepseek_2013,9,30,1.23
deepseek_2017,1,13,1
deepseek_2017,0,19,92.27
deepseek_2017,9,25,20.23
deepseek_2017,3,13,99
deepseek_2017,4,16,96.74
deepseek_2019,0,21,1
deepseek_2019,1,15,20.23
deepseek_2019,3,17,
deepseek_2019,4,9,1
deepseek_2019,9,36,2.17
deepseek_2021,0,17,95.42
deepseek_2021,1,14,20.23
deepseek_2021,3,16,
deepseek_2021,4,11,1
deepseek_2021,9,23,84.9
deepseek_2022,3,11,20.23
deepseek_2022,1,31,20.23
deepseek_2022,0,18,93.93
deepseek_2022,9,30,72.45
deepseek_2022,4,11,1
deepseek_2027,0,14,
deepseek_2027,1,13,99
deepseek_2027,3,14,99
deepseek_2027,4,16,1
deepseek_2027,9,20,20.23
deepseek_2028,0,21,88.66
deepseek_2028,1,15,20.23
deepseek_2028,3,12,99
deepseek_2028,4,11,20.23
deepseek_2028,9,28,
deepseek_2031,0,21,1
deepseek_2031,1,12,
deepseek_2031,3,12,1
deepseek_2031,4,20,
deepseek_2031,9,24,20.23
deepseek_2033,0,13,
deepseek_2033,1,12,
deepseek_2033,3,13,
deepseek_2033,4,13,
deepseek_2033,9,19,
deepseek_2036,0,15,
deepseek_2036,1,11,
deepseek_2036,3,15,
deepseek_2036,4,11,
deepseek_2036,9,27,1
deepseek_2049,0,19,1
deepseek_2049,1,11,
deepseek_2049,3,17,
deepseek_2049,4,13,
deepseek_2049,9,26,
deepseek_2052,0,8,99
deepseek_2052,1,16,1
deepseek_2052,3,17,1
deepseek_2052,4,13,1
deepseek_2052,9,22,86.79
deepseek_2054,0,20,90.5
deepseek_2054,1,13,1
deepseek_2054,3,13,1
deepseek_2054,4,15,1
deepseek_2054,9,29,1
deepseek_2059,0,19,20.23
deepseek_2059,1,16,
deepseek_2059,3,12,20.23
deepseek_2059,4,12,
deepseek_2059,9,25,
deepseek_2062,0,19,
deepseek_2062,1,8,
deepseek_2062,3,10,
deepseek_2062,4,10,99
deepseek_2062,9,27,
deepseek_2067,1,8,
deepseek_2067,0,18,1
deepseek_2067,3,12,99
deepseek_2067,4,13,1
deepseek_2067,9,29,
deepseek_2069,0,17,
deepseek_2069,1,11,
deepseek_2069,3,15,97.84
deepseek_2069,4,17,1
deepseek_2069,9,19,
deepseek_2070,3,15,97.84
deepseek_2070,0,15,
deepseek_2070,1,11,
deepseek_2070,4,13,
deepseek_2070,9,23,
deepseek_2071,0,21,
deepseek_2071,1,14,
deepseek_2071,3,15,
deepseek_2071,4,14,
deepseek_2071,9,27,
deepseek_2074,0,18,1
deepseek_2074,1,15,
deepseek_2074,3,15,
deepseek_2074,4,17,20.23
deepseek_2074,9,18,
deepseek_2076,0,15,
deepseek_2076,1,13,
deepseek_2076,3,14,
deepseek_2076,4,11,
deepseek_2076,9,26,
deepseek_2077,0,19,1
deepseek_2077,1,16,96.74
deepseek_2077,3,13,
deepseek_2077,4,16,
deepseek_2077,9,21,
deepseek_2078,0,18,
deepseek_2078,1,14,1
deepseek_2078,3,16,1
deepseek_2078,4,12,
deepseek_2078,9,23,84.9
deepseek_2080,0,18,1
deepseek_2080,1,17,
deepseek_2080,3,15,
deepseek_2080,4,17,
deepseek_2080,9,23,84.9
deepseek_2084,0,28,
deepseek_2084,1,13,
deepseek_2084,3,14,
deepseek_2084,4,17,
deepseek_2084,9,28,20.23
deepseek_2098,0,23,1
deepseek_2098,3,16,
deepseek_2098,1,25,81.12
deepseek_2098,4,11,
deepseek_2098,9,25,
deepseek_2101,0,16,1
deepseek_2101,1,9,
deepseek_2101,3,9,
deepseek_2101,4,12,
deepseek_2101,9,27,99
deepseek_2106,0,22,20.23
deepseek_2106,1,13,20.23
deepseek_2106,3,14,
deepseek_2106,4,14,98.65
deepseek_2106,9,24,
deepseek_2110,4,17,
deepseek_2110,1,13,1
deepseek_2110,3,18,
deepseek_2110,0,25,1
deepseek_2110,9,24,83
deepseek_2112,0,13,99
deepseek_2112,1,10,1
deepseek_2112,3,16,
deepseek_2112,4,12,
deepseek_2112,9,30,1.23
deepseek_2113,0,23,1
deepseek_2113,1,16,
deepseek_2113,3,14,
deepseek_2113,4,14,
deepseek_2113,9,34,66.58
deepseek_2114,0,24,20.23
deepseek_2114,1,14,
deepseek_2114,3,17,
deepseek_2114,4,17,
deepseek_2114,9,32,69.4
deepseek_2115,0,25,1
deepseek_2115,1,16,
deepseek_2115,3,11,
deepseek_2115,4,13,
deepseek_2115,9,28,
deepseek_2116,0,19,92.27
deepseek_2116,1,9,
deepseek_2116,3,15,
deepseek_2116,4,13,
deepseek_2116,9,28,
deepseek_2117,0,19,99
deepseek_2117,1,12,
deepseek_2117,3,12,
deepseek_2117,4,11,
deepseek_2117,9,26,
deepseek_2120,4,12,
deepseek_2120,0,18,
deepseek_2120,9,32,
deepseek_2120,3,16,
deepseek_2120,1,13,99
deepseek_2121,4,12,
deepseek_2121,3,14,
deepseek_2121,1,13,
deepseek_2121,0,16,96.74
deepseek_2121,9,24,83
deepseek_2122,0,20,20.23
deepseek_2122,1,13,
deepseek_2122,3,15,
deepseek_2122,4,12,
deepseek_2122,9,40,
deepseek_2123,0,21,
deepseek_2123,1,15,
deepseek_2123,3,16,
deepseek_2123,4,14,
deepseek_2123,9,33,
deepseek_2128,3,16,
deepseek_2128,0,18,93.93
deepseek_2128,4,16,20.23
deepseek_2128,1,15,1
deepseek_2128,9,26,
deepseek_2132,0,20,1
deepseek_2132,1,17,
deepseek_2132,3,13,1
deepseek_2132,4,11,
deepseek_2132,9,21,88.66
deepseek_2143,0,15,
deepseek_2143,1,9,
deepseek_2143,3,11,
deepseek_2143,4,14,
deepseek_2143,9,27,1
deepseek_2145,0,18,1
deepseek_2145,1,11,
deepseek_2145,3,11,1
deepseek_2145,4,14,
deepseek_2145,9,19,
deepseek_2146,0,18,1
deepseek_2146,1,11,1
deepseek_2146,3,11,
deepseek_2146,4,15,
deepseek_2146,9,25,81.12
deepseek_2147,0,15,
deepseek_2147,1,11,
deepseek_2147,3,11,
deepseek_2147,4,11,
deepseek_2147,9,19,
deepseek_2148,0,16,
deepseek_2148,1,17,20.23
deepseek_2148,4,16,1
deepseek_2148,3,16,1
deepseek_2148,9,27,1
deepseek_2164,0,11,
deepseek_2164,1,19,20.23
deepseek_2164,3,12,
deepseek_2164,4,13,1
deepseek_2164,9,24,83
deepseek_2165,3,19,
deepseek_2165,4,14,98.65
deepseek_2165,0,20,
deepseek_2165,9,26,
deepseek_2165,1,16,
deepseek_2167,1,15,
deepseek_2167,0,17,20.23
deepseek_2167,4,11,
deepseek_2167,3,20,
deepseek_2167,9,29,1
deepseek_2174,0,19,20.23
deepseek_2174,1,18,
deepseek_2174,3,13,99
deepseek_2174,4,12,99
deepseek_2174,9,29,74.09
deepseek_2175,0,23,20.23
deepseek_2175,1,18,
deepseek_2175,3,19,92.27
deepseek_2175,4,12,99
deepseek_2175,9,36,93.93
deepseek_2180,0,21,1
deepseek_2180,1,9,1
deepseek_2180,3,13,99
deepseek_2180,4,12,
deepseek_2180,9,32,
deepseek_2183,0,17,
deepseek_2183,1,10,
deepseek_2183,3,14,
deepseek_2183,4,9,
deepseek_2183,9,23,
deepseek_2184,0,14,
deepseek_2184,9,25,
deepseek_2184,3,13,
deepseek_2184,1,9,
deepseek_2184,4,13,
deepseek_2185,0,15,
deepseek_2185,1,8,
deepseek_2185,3,8,
deepseek_2185,4,13,
deepseek_2185,9,25,
deepseek_2186,0,15,
deepseek_2186,1,8,
deepseek_2186,3,8,
deepseek_2186,4,12,99
deepseek_2186,9,25,
deepseek_2187,4,13,
deepseek_2187,3,8,
deepseek_2187,1,8,
deepseek_2187,9,24,
deepseek_2187,0,14,
deepseek_2188,0,14,
deepseek_2188,1,9,
deepseek_2188,3,13,
deepseek_2188,4,12,99
deepseek_2188,9,25,
deepseek_2189,0,15,
deepseek_2189,1,12,
deepseek_2189,3,8,
deepseek_2189,4,12,
deepseek_2189,9,24,
deepseek_2195,0,15,1
deepseek_2195,1,7,
deepseek_2195,3,15,
deepseek_2195,4,12,
deepseek_2195,9,27,
deepseek_2197,0,15,
deepseek_2197,1,13,
deepseek_2197,3,14,1
deepseek_2197,4,12,1
deepseek_2197,9,31,97.31
deepseek_2202,0,22,20.23
deepseek_2202,1,14,98.65
deepseek_2202,3,14,98.65
deepseek_2202,4,13,
deepseek_2202,9,24,
deepseek_2206,0,16,
deepseek_2206,1,17,
deepseek_2206,3,13,
deepseek_2206,4,10,1
deepseek_2206,9,21,20.23
deepseek_2208,0,21,
deepseek_2208,1,14,98.65
deepseek_2208,3,15,99
deepseek_2208,4,22,1
deepseek_2208,9,26,79.29
deepseek_2211,0,17,
deepseek_2211,1,12,
deepseek_2211,3,15,
deepseek_2211,4,12,
deepseek_2211,9,31,97.31
deepseek_2214,0,15,
deepseek_2214,1,12,99
deepseek_2214,3,14,
deepseek_2214,4,12,
deepseek_2214,9,29,
deepseek_2216,0,17,
deepseek_2216,1,17,
deepseek_2216,3,16,
deepseek_2216,4,13,
deepseek_2216,9,28,
deepseek_2217,0,18,
deepseek_2217,1,17,1
deepseek_2217,3,15,
deepseek_2217,4,14,
deepseek_2217,9,32,96.74
deepseek_2218,0,20,
deepseek_2218,1,14,
deepseek_2218,3,15,
deepseek_2218,4,13,
deepseek_2218,9,31,70.91
deepseek_2219,0,22,1
deepseek_2219,1,14,
deepseek_2219,3,12,
deepseek_2219,4,14,
deepseek_2219,9,24,1
deepseek_2220,0,24,
deepseek_2220,1,13,
deepseek_2220,3,15,
deepseek_2220,4,13,
deepseek_2220,9,24,
deepseek_2222,0,19,20.23
deepseek_2222,1,11,
deepseek_2222,3,16,
deepseek_2222,4,11,
deepseek_2222,9,31,20.23
deepseek_2231,0,20,
deepseek_2231,1,12,
deepseek_2231,3,14,
deepseek_2231,4,11,1
deepseek_2231,9,13,
deepseek_2236,0,22,
deepseek_2236,1,29,1
deepseek_2236,3,14,
deepseek_2236,4,13,1
deepseek_2236,9,26,
deepseek_2237,0,17,1
deepseek_2237,1,10,
deepseek_2237,3,12,99
deepseek_2237,4,17,1
deepseek_2237,9,34,66.58
deepseek_2238,0,14,
deepseek_2238,1,13,99
deepseek_2238,3,16,96.74
deepseek_2238,4,11,99
deepseek_2238,9,26,79.29
deepseek_2240,0,17,95.42
deepseek_2240,1,16,96.74
deepseek_2240,3,14,98.65
deepseek_2240,4,20,20.23
deepseek_2240,9,27,77.5
deepseek_2241,0,17,99
deepseek_2241,1,11,99
deepseek_2241,3,21,88.66
deepseek_2241,4,14,98.65
deepseek_2241,9,26,99
deepseek_2242,0,14,98.65
deepseek_2242,1,18,93.93
deepseek_2242,3,14,98.65
deepseek_2242,4,14,98.65
deepseek_2242,9,26,20.23
deepseek_2243,0,16,96.74
deepseek_2243,1,18,93.93
deepseek_2243,3,21,88.66
deepseek_2243,4,13,99
deepseek_2243,9,26,20.23
deepseek_2244,0,15,97.84
deepseek_2244,1,18,93.93
deepseek_2244,3,14,98.65
deepseek_2244,4,13,99
deepseek_2244,9,26,20.23
deepseek_2245,0,14,98.65
deepseek_2245,1,16,96.74
deepseek_2245,3,21,88.66
deepseek_2245,4,14,98.65
deepseek_2245,9,26,99
deepseek_2246,0,15,97.84
deepseek_2246,1,16,96.74
deepseek_2246,3,21,88.66
deepseek_2246,4,13,99
deepseek_2246,9,29,74.09
deepseek_2252,3,9,
deepseek_2252,1,9,99
deepseek_2252,4,11,1
deepseek_2252,0,13,99
deepseek_2252,9,25,
deepseek_2261,0,14,
deepseek_2261,1,16,
deepseek_2261,3,16,
deepseek_2261,4,9,1
deepseek_2261,9,30,
deepseek_2262,0,26,1
deepseek_2262,1,9,
deepseek_2262,3,13,99
deepseek_2262,4,11,
deepseek_2262,9,21,
deepseek_2266,0,16,96.74
deepseek_2266,1,15,99
deepseek_2266,3,15,97.84
deepseek_2266,4,10,
deepseek_2266,9,30,
deepseek_2269,1,14,
deepseek_2269,3,11,
deepseek_2269,0,16,1
deepseek_2269,4,12,
deepseek_2269,9,27,1
deepseek_2271,0,16,1
deepseek_2271,1,14,20.23
deepseek_2271,3,15,97.84
deepseek_2271,4,17,
deepseek_2271,9,30,1.23
deepseek_2272,0,18,20.23
deepseek_2272,1,12,
deepseek_2272,3,15,
deepseek_2272,4,11,
deepseek_2272,9,25,1
deepseek_2283,0,19,
deepseek_2283,1,15,
deepseek_2283,3,16,96.74
deepseek_2283,4,14,
deepseek_2283,9,38,
deepseek_2284,0,23,1
deepseek_2284,1,19,
deepseek_2284,3,16,
deepseek_2284,4,14,1
deepseek_2284,9,27,
deepseek_2285,0,13,
deepseek_2285,1,19,
deepseek_2285,3,16,
deepseek_2285,4,14,1
deepseek_2285,9,28,
deepseek_2286,3,16,
deepseek_2286,0,13,
deepseek_2286,1,17,95.42
deepseek_2286,4,14,1
deepseek_2286,9,27,
deepseek_2287,0,20,
deepseek_2287,1,10,
deepseek_2287,3,16,
deepseek_2287,4,11,
deepseek_2287,9,23,1
deepseek_2289,1,10,
deepseek_2289,3,15,
deepseek_2289,0,19,
deepseek_2289,9,24,
deepseek_2289,4,12,
deepseek_2294,0,22,
deepseek_2294,1,11,
deepseek_2294,3,15,1
deepseek_2294,4,14,1
deepseek_2294,9,17,
deepseek_2306,0,19,
deepseek_2306,1,12,
deepseek_2306,3,15,
deepseek_2306,4,13,1
deepseek_2306,9,29,
deepseek_2307,1,14,1
deepseek_2307,0,18,
deepseek_2307,9,31,
deepseek_2307,3,18,93.93
deepseek_2307,4,14,
deepseek_2312,0,18,1
deepseek_2312,1,15,
deepseek_2312,3,14,98.65
deepseek_2312,4,13,
deepseek_2312,9,34,1
deepseek_2313,0,14,20.23
deepseek_2313,1,14,98.65
deepseek_2313,3,15,
deepseek_2313,4,13,
deepseek_2313,9,33,1.71
deepseek_2314,0,19,1
deepseek_2314,1,16,96.74
deepseek_2314,3,13,1
deepseek_2314,4,12,
deepseek_2314,9,21,1
deepseek_2315,0,18,1
deepseek_2315,1,15,1
deepseek_2315,3,17,20.23
deepseek_2315,4,18,1
deepseek_2315,9,30,1
deepseek_2317,1,18,
deepseek_2317,0,20,
deepseek_2317,4,14,1
deepseek_2317,3,15,97.84
deepseek_2317,9,30,
deepseek_2327,0,23,
deepseek_2327,1,13,
deepseek_2327,3,16,
deepseek_2327,4,15,1
deepseek_2327,9,36,93.93
deepseek_2328,1,13,
deepseek_2328,0,21,1
deepseek_2328,3,16,
deepseek_2328,4,14,1
deepseek_2328,9,30,1
deepseek_2329,0,23,
deepseek_2329,1,13,
deepseek_2329,3,13,
deepseek_2329,4,13,
deepseek_2329,9,36,93.93
deepseek_2330,0,23,
deepseek_2330,1,13,
deepseek_2330,3,19,
deepseek_2330,4,14,1
deepseek_2330,9,30,1
deepseek_2333,0,13,
deepseek_2333,1,14,99
deepseek_2333,3,11,
deepseek_2333,4,10,
deepseek_2333,9,26,99
deepseek_2335,3,8,99
deepseek_2335,1,14,99
deepseek_2335,4,10,
deepseek_2335,0,14,98.65
deepseek_2335,9,26,99
deepseek_2336,3,12,
deepseek_2336,4,7,
deepseek_2336,1,10,99
deepseek_2336,0,20,90.5
deepseek_2336,9,30,
deepseek_2369,0,14,98.65
deepseek_2369,1,12,1
deepseek_2369,3,15,
deepseek_2369,4,16,
deepseek_2369,9,25,
deepseek_2370,0,22,1
deepseek_2370,1,12,1
deepseek_2370,3,17,95.42
deepseek_2370,4,11,1
deepseek_2370,9,26,1
