conv_id,WC,Tone
spacexipo_0,49,1
spacexipo_3,1,
spacexipo_4,19,20.23
spacexipo_5,14,1
spacexipo_6,57,46.76
spacexipo_7,46,53.96
spacexipo_8,15,
spacexipo_9,125,44.15
spacexipo_10,7,
spacexipo_11,221,26.12
spacexipo_12,33,96.12
spacexipo_13,38,20.23
spacexipo_15,38,61.63
spacexipo_16,69,95.08
spacexipo_17,258,30.82
spacexipo_18,51,
spacexipo_19,139,
spacexipo_20,26,
spacexipo_21,41,
spacexipo_22,9,
spacexipo_24,70,20.23
spacexipo_25,18,
spacexipo_26,78,20.23
spacexipo_27,21,99
spacexipo_28,24,83
spacexipo_29,15,
spacexipo_30,40,1
spacexipo_32,10,99
spacexipo_35,5,
spacexipo_36,1,
spacexipo_37,4,99
spacexipo_38,39,91.4
spacexipo_39,54,48.44
spacexipo_40,31,70.91
spacexipo_41,39,
spacexipo_42,12,
spacexipo_43,12,
spacexipo_44,12,
spacexipo_45,17,
spacexipo_46,17,
spacexipo_47,44,1
spacexipo_48,1,
spacexipo_49,9,
spacexipo_50,5,
spacexipo_51,15,
spacexipo_52,33,
spacexipo_53,19,92.27
spacexipo_57,27,
spacexipo_58,8,
spacexipo_59,10,
spacexipo_60,24,1
spacexipo_61,7,
spacexipo_62,61,1.32
spacexipo_63,21,88.66
spacexipo_64,11,
spacexipo_72,55,93.39
spacexipo_73,33,1.71
spacexipo_74,41,3.01
spacexipo_76,57,46.76
spacexipo_77,59,73.26
spacexipo_79,3,
spacexipo_82,45,3.72
spacexipo_83,18,
spacexipo_84,11,
spacexipo_86,51,20.23
spacexipo_87,69,41.62
spacexipo_89,47,83.95
spacexipo_91,96,
spacexipo_92,42,3.2
spacexipo_93,34,
spacexipo_94,46,3.88
spacexipo_95,114,
spacexipo_96,47,
spacexipo_97,64,69.4
spacexipo_98,43,56.53
spacexipo_99,47,
spacexipo_100,112,5.5
spacexipo_104,37,62.77
spacexipo_105,34,
spacexipo_106,18,1
spacexipo_107,54,48.44
spacexipo_108,54,48.44
spacexipo_109,4,99
spacexipo_110,80,38.3
spacexipo_111,134,20.23
spacexipo_112,65,43.1
spacexipo_113,31,20.23
spacexipo_114,1,
spacexipo_121,41,89.58
spacexipo_122,20,90.5
spacexipo_123,7,
spacexipo_124,99,34.44
spacexipo_128,8,99
spacexipo_129,31,
spacexipo_132,74,7.88
spacexipo_133,21,88.66
spacexipo_134,52,49.66
spacexipo_135,65,6.78
spacexipo_136,99,10.27
spacexipo_137,203,20.23
spacexipo_138,50,20.23
spacexipo_139,34,66.58
spacexipo_140,85,3.29
spacexipo_141,93,1.4
spacexipo_142,20,90.5
spacexipo_143,32,1.56
spacexipo_144,42,
spacexipo_145,51,
spacexipo_146,31,1.4
spacexipo_147,1,
spacexipo_148,15,
spacexipo_149,26,20.23
spacexipo_150,47,4.04
spacexipo_152,7,
spacexipo_153,20,
spacexipo_154,301,29.16
spacexipo_156,19,
spacexipo_157,12,
spacexipo_158,24,1
spacexipo_160,3,
spacexipo_161,7,99
spacexipo_162,7,99
spacexipo_163,37,2.35
spacexipo_164,21,
spacexipo_165,38,2.53
spacexipo_166,17,
spacexipo_167,24,83
spacexipo_168,47,4.04
spacexipo_171,17,1
spacexipo_177,112,20.23
spacexipo_178,1,
spacexipo_179,89,72.98
spacexipo_180,101,67.03
spacexipo_181,30,72.45
spacexipo_183,13,1
spacexipo_184,130,12.23
spacexipo_185,56,5.5
spacexipo_188,17,
spacexipo_190,17,95.42
spacexipo_192,141,90.24
spacexipo_193,79,78.69
spacexipo_194,37,
spacexipo_201,28,75.77
spacexipo_202,13,
spacexipo_203,24,1
spacexipo_209,37,
spacexipo_210,49,
spacexipo_211,21,99
spacexipo_212,1,
spacexipo_214,21,
spacexipo_216,17,
spacexipo_219,30,72.45
spacexipo_220,40,
spacexipo_221,18,1
spacexipo_222,64,69.4
spacexipo_224,96,34.94
spacexipo_225,20,
spacexipo_226,69,
spacexipo_227,42,3.2
spacexipo_228,29,
spacexipo_229,31,
spacexipo_230,36,93.93
spacexipo_231,21,
spacexipo_232,24,
spacexipo_233,23,1
spacexipo_234,43,3.38
spacexipo_235,25,
spacexipo_236,34,1
spacexipo_237,46,53.96
spacexipo_239,20,90.5
spacexipo_240,47,
spacexipo_241,6,
spacexipo_243,326,37.92
spacexipo_244,493,37.76
spacexipo_245,163,48.24
spacexipo_246,83,8.85
spacexipo_247,79,8.44
spacexipo_248,93,9.78
spacexipo_249,237,25.69
spacexipo_250,92,35.66
spacexipo_251,74,7.88
spacexipo_252,74,7.88
spacexipo_254,140,97.25
spacexipo_257,20,90.5
spacexipo_258,53,
spacexipo_259,37,20.23
spacexipo_260,74,39.97
spacexipo_261,82,37.8
spacexipo_262,11,
spacexipo_268,1,
spacexipo_270,40,
spacexipo_271,15,
spacexipo_272,3,
spacexipo_276,37,62.77
spacexipo_277,16,
spacexipo_280,31,70.91
spacexipo_281,12,99
spacexipo_285,113,32.5
spacexipo_304,1,
spacexipo_328,1,
spacexipo_330,37,
spacexipo_337,30,72.45
spacexipo_339,20,20.23
spacexipo_348,19,
spacexipo_349,17,
spacexipo_353,50,50.98
spacexipo_354,18,1
spacexipo_355,1,
spacexipo_361,16,
spacexipo_362,13,99
spacexipo_364,4,
spacexipo_365,65,68.66
spacexipo_370,3,
spacexipo_374,53,5.02
spacexipo_375,31,
spacexipo_376,57,5.65
spacexipo_377,1,
spacexipo_378,1,
spacexipo_379,101,20.23
spacexipo_380,1,
spacexipo_381,1,
spacexipo_396,1,
spacexipo_398,1,
spacexipo_400,45,
spacexipo_405,26,
spacexipo_406,29,
spacexipo_407,24,1
spacexipo_408,24,
spacexipo_410,21,1
spacexipo_411,3,
spacexipo_412,29,
spacexipo_413,18,
spacexipo_414,31,1.4
spacexipo_415,26,
spacexipo_416,61,44.83
spacexipo_417,9,
spacexipo_420,1,
spacexipo_423,60,
spacexipo_424,11,
spacexipo_426,18,1
spacexipo_427,308,55.62
spacexipo_429,174,65.53
spacexipo_430,82,37.8
spacexipo_442,74,98.04
spacexipo_443,18,1
spacexipo_444,141,20.23
spacexipo_445,16,1
spacexipo_446,110,5.35
spacexipo_447,1,
spacexipo_450,13,
spacexipo_451,21,
spacexipo_454,33,
spacexipo_455,67,7.03
spacexipo_456,181,54.56
spacexipo_457,4,
spacexipo_458,30,72.45
spacexipo_461,60,72.45
spacexipo_463,42,
spacexipo_464,22,
spacexipo_465,33,
spacexipo_469,36,2.17
spacexipo_471,37,
spacexipo_473,19,20.23
spacexipo_474,1,
spacexipo_475,177,36.35
spacexipo_476,177,36.35
spacexipo_477,33,1.71
spacexipo_478,2,
spacexipo_483,16,
spacexipo_484,141,83.95
spacexipo_488,26,
spacexipo_489,41,
spacexipo_490,32,
spacexipo_516,5,
spacexipo_520,19,92.27
spacexipo_524,109,63.58
spacexipo_525,109,63.58
spacexipo_529,17,20.23
spacexipo_530,29,1.05
spacexipo_533,6,
spacexipo_538,61,44.83
spacexipo_539,21,1
spacexipo_541,53,78.39
spacexipo_542,21,
spacexipo_543,14,98.65
spacexipo_544,38,
spacexipo_559,51,4.72
spacexipo_560,151,1.26
spacexipo_562,133,78.21
spacexipo_563,1,
spacexipo_564,18,93.93
spacexipo_566,11,
spacexipo_567,15,1
spacexipo_571,33,1.71
spacexipo_572,23,
spacexipo_573,47,
spacexipo_574,10,
spacexipo_575,130,20.23
spacexipo_576,45,
spacexipo_584,3,
