conv_id,topic,observed,inferred,paraphrase,explain,add
nuclear_1,nuclear,neutral,neutral,neutral,neutral,neutral
nuclear_4,nuclear,positive,positive,positive,positive,positive
nuclear_6,nuclear,positive,positive,positive,positive,positive
nuclear_7,nuclear,neutral,neutral,neutral,neutral,neutral
nuclear_12,nuclear,neutral,neutral,neutral,neutral,neutral
nuclear_13,nuclear,neutral,negative,negative,neutral,neutral
nuclear_14,nuclear,neutral,neutral,neutral,neutral,neutral
nuclear_16,nuclear,negative,negative,negative,negative,negative
nuclear_24,nuclear,negative,neutral,neutral,neutral,neutral
nuclear_25,nuclear,negative,neutral,neutral,neutral,neutral
nuclear_27,nuclear,negative,negative,negative,negative,negative
nuclear_30,nuclear,neutral,positive,neutral,positive,positive
nuclear_31,nuclear,neutral,positive,positive,positive,positive
nuclear_32,nuclear,neutral,neutral,neutral,positive,neutral
nuclear_41,nuclear,positive,positive,positive,positive,positive
nuclear_42,nuclear,positive,positive,positive,positive,positive
nuclear_44,nuclear,neutral,neutral,neutral,neutral,neutral
nuclear_45,nuclear,neutral,neutral,neutral,neutral,neutral
nuclear_46,nuclear,negative,neutral,neutral,neutral,neutral
nuclear_47,nuclear,positive,neutral,neutral,neutral,neutral
nuclear_51,nuclear,neutral,neutral,neutral,neutral,neutral
nuclear_52,nuclear,negative,neutral,neutral,neutral,neutral
nuclear_53,nuclear,neutral,positive,positive,neutral,neutral
nuclear_55,nuclear,negative,negative,negative,negative,negative
nuclear_62,nuclear,negative,negative,negative,negative,negative
nuclear_64,nuclear,positive,positive,positive,positive,positive
nuclear_65,nuclear,positive,positive,positive,positive,positive
nuclear_66,nuclear,positive,positive,positive,positive,positive
nuclear_70,nuclear,positive,positive,positive,positive,positive
nuclear_71,nuclear,neutral,neutral,neutral,neutral,neutral
nuclear_75,nuclear,positive,neutral,neutral,neutral,neutral
nuclear_76,nuclear,positive,neutral,neutral,neutral,neutral
nuclear_80,nuclear,negative,negative,negative,negative,negative
nuclear_81,nuclear,negative,negative,negative,negative,negative
nuclear_84,nuclear,neutral,neutral,neutral,neutral,neutral
nuclear_86,nuclear,negative,negative,negative,neutral,neutral
nuclear_89,nuclear,negative,neutral,neutral,neutral,neutral
nuclear_90,nuclear,negative,neutral,neutral,neutral,neutral
nuclear_93,nuclear,negative,negative,negative,negative,negative
nuclear_94,nuclear,negative,negative,negative,negative,negative
nuclear_95,nuclear,negative,negative,negative,negative,negative
nuclear_97,nuclear,negative,neutral,negative,neutral,neutral
nuclear_99,nuclear,negative,neutral,neutral,neutral,neutral
nuclear_100,nuclear,neutral,neutral,neutral,neutral,neutral
nuclear_102,nuclear,negative,neutral,neutral,neutral,neutral
nuclear_103,nuclear,negative,negative,negative,negative,negative
nuclear_104,nuclear,neutral,negative,negative,negative,negative
nuclear_105,nuclear,negative,negative,negative,negative,negative
nuclear_109,nuclear,negative,neutral,neutral,neutral,neutral
nuclear_113,nuclear,negative,neutral,neutral,neutral,neutral
nuclear_114,nuclear,positive,neutral,neutral,neutral,neutral
nuclear_118,nuclear,negative,neutral,neutral,neutral,neutral
nuclear_119,nuclear,neutral,neutral,neutral,neutral,neutral
nuclear_120,nuclear,negative,negative,negative,negative,negative
nuclear_122,nuclear,negative,neutral,neutral,neutral,positive
nuclear_124,nuclear,negative,neutral,neutral,neutral,neutral
nuclear_126,nuclear,positive,positive,positive,positive,positive
nuclear_127,nuclear,positive,positive,positive,positive,positive
nuclear_128,nuclear,positive,positive,positive,positive,positive
nuclear_131,nuclear,positive,positive,positive,positive,positive
nuclear_132,nuclear,positive,positive,positive,positive,positive
nuclear_133,nuclear,positive,neutral,neutral,neutral,neutral
nuclear_142,nuclear,neutral,neutral,negative,neutral,positive
nuclear_146,nuclear,neutral,neutral,neutral,neutral,neutral
nuclear_147,nuclear,neutral,neutral,neutral,neutral,neutral
nuclear_149,nuclear,negative,neutral,neutral,neutral,neutral
nuclear_150,nuclear,neutral,neutral,neutral,neutral,neutral
nuclear_155,nuclear,negative,negative,negative,negative,negative
nuclear_158,nuclear,neutral,neutral,neutral,neutral,neutral
nuclear_159,nuclear,neutral,neutral,neutral,neutral,neutral
nuclear_163,nuclear,positive,neutral,neutral,neutral,neutral
nuclear_166,nuclear,positive,positive,positive,positive,positive
nuclear_168,nuclear,negative,neutral,neutral,neutral,neutral
nuclear_172,nuclear,positive,neutral,neutral,neutral,positive
nuclear_175,nuclear,positive,positive,positive,positive,positive
nuclear_176,nuclear,negative,negative,negative,negative,negative
nuclear_182,nuclear,positive,positive,positive,positive,positive
nuclear_183,nuclear,neutral,neutral,neutral,neutral,neutral
nuclear_188,nuclear,positive,positive,positive,positive,positive
nuclear_189,nuclear,positive,positive,positive,positive,positive
nuclear_190,nuclear,positive,positive,positive,positive,positive
nuclear_191,nuclear,positive,positive,positive,positive,positive
nuclear_194,nuclear,positive,positive,positive,positive,positive
nuclear_196,nuclear,positive,positive,positive,positive,positive
nuclear_199,nuclear,positive,positive,positive,positive,positive
nuclear_203,nuclear,negative,neutral,neutral,neutral,neutral
nuclear_204,nuclear,negative,negative,negative,negative,negative
nuclear_205,nuclear,negative,negative,negative,negative,negative
nuclear_213,nuclear,neutral,neutral,neutral,neutral,neutral
nuclear_216,nuclear,negative,neutral,neutral,neutral,neutral
nuclear_218,nuclear,positive,neutral,neutral,neutral,neutral
nuclear_220,nuclear,negative,neutral,neutral,neutral,neutral
nuclear_221,nuclear,negative,neutral,neutral,neutral,neutral
nuclear_223,nuclear,negative,neutral,neutral,neutral,neutral
nuclear_225,nuclear,negative,neutral,neutral,neutral,neutral
nuclear_226,nuclear,negative,neutral,neutral,neutral,neutral
nuclear_227,nuclear,negative,neutral,neutral,neutral,neutral
nuclear_228,nuclear,neutral,neutral,neutral,neutral,neutral
nuclear_229,nuclear,positive,positive,positive,positive,positive
nuclear_230,nuclear,negative,negative,negative,negative,negative
nuclear_233,nuclear,negative,neutral,neutral,neutral,neutral
nuclear_235,nuclear,negative,neutral,neutral,neutral,neutral
nuclear_238,nuclear,neutral,neutral,neutral,neutral,neutral
nuclear_240,nuclear,neutral,neutral,neutral,neutral,neutral
nuclear_241,nuclear,negative,negative,negative,negative,negative
nuclear_248,nuclear,negative,neutral,neutral,neutral,neutral
nuclear_250,nuclear,negative,neutral,neutral,neutral,neutral
nuclear_251,nuclear,neutral,neutral,neutral,neutral,neutral
nuclear_256,nuclear,negative,neutral,neutral,neutral,neutral
nuclear_264,nuclear,negative,neutral,neutral,neutral,neutral
nuclear_270,nuclear,neutral,negative,neutral,negative,neutral
nuclear_271,nuclear,neutral,neutral,neutral,neutral,neutral
nuclear_273,nuclear,negative,negative,neutral,neutral,neutral
nuclear_275,nuclear,positive,positive,positive,positive,positive
nuclear_278,nuclear,negative,negative,negative,negative,negative
nuclear_280,nuclear,negative,negative,negative,negative,negative
nuclear_281,nuclear,negative,negative,negative,negative,negative
nuclear_282,nuclear,negative,neutral,neutral,neutral,neutral
nuclear_284,nuclear,neutral,neutral,neutral,neutral,neutral
nuclear_288,nuclear,positive,positive,positive,positive,positive
nuclear_291,nuclear,positive,neutral,neutral,neutral,positive
nuclear_294,nuclear,positive,neutral,neutral,neutral,neutral
nuclear_296,nuclear,positive,positive,positive,positive,positive
nuclear_300,nuclear,positive,positive,positive,positive,positive
nuclear_302,nuclear,negative,neutral,neutral,neutral,neutral
nuclear_306,nuclear,negative,negative,negative,neutral,neutral
nuclear_313,nuclear,negative,negative,negative,neutral,neutral
nuclear_321,nuclear,neutral,neutral,neutral,neutral,neutral
nuclear_330,nuclear,positive,positive,positive,positive,positive
nuclear_333,nuclear,positive,positive,positive,positive,positive
nuclear_335,nuclear,positive,neutral,neutral,positive,positive
nuclear_337,nuclear,positive,neutral,neutral,neutral,neutral
nuclear_341,nuclear,positive,neutral,neutral,neutral,neutral
nuclear_342,nuclear,neutral,neutral,neutral,neutral,neutral
nuclear_344,nuclear,negative,negative,negative,negative,negative
nuclear_346,nuclear,negative,negative,negative,negative,negative
nuclear_348,nuclear,negative,negative,negative,negative,neutral
nuclear_352,nuclear,negative,negative,negative,negative,negative
nuclear_354,nuclear,negative,negative,negative,negative,negative
nuclear_357,nuclear,positive,positive,positive,positive,positive
nuclear_359,nuclear,neutral,neutral,positive,positive,positive
nuclear_363,nuclear,neutral,neutral,neutral,neutral,neutral
nuclear_364,nuclear,positive,neutral,neutral,neutral,neutral
nuclear_365,nuclear,neutral,neutral,neutral,neutral,neutral
nuclear_367,nuclear,positive,positive,positive,positive,positive
nuclear_370,nuclear,positive,positive,positive,positive,positive
nuclear_373,nuclear,neutral,neutral,neutral,neutral,neutral
nuclear_374,nuclear,positive,neutral,neutral,neutral,neutral
nuclear_375,nuclear,positive,positive,positive,positive,positive
nuclear_376,nuclear,positive,neutral,neutral,neutral,neutral
nuclear_385,nuclear,negative,negative,negative,negative,negative
nuclear_386,nuclear,negative,negative,negative,negative,negative
nuclear_387,nuclear,negative,negative,negative,negative,negative
nuclear_389,nuclear,negative,negative,negative,negative,negative
nuclear_391,nuclear,negative,negative,negative,negative,negative
nuclear_397,nuclear,negative,neutral,neutral,neutral,neutral
nuclear_398,nuclear,negative,negative,negative,negative,negative
nuclear_399,nuclear,negative,neutral,neutral,neutral,neutral
nuclear_401,nuclear,neutral,negative,negative,negative,negative
nuclear_403,nuclear,negative,negative,negative,negative,negative
nuclear_404,nuclear,neutral,neutral,neutral,neutral,neutral
nuclear_406,nuclear,positive,neutral,neutral,neutral,neutral
nuclear_410,nuclear,positive,positive,positive,positive,positive
nuclear_412,nuclear,neutral,neutral,neutral,neutral,neutral
nuclear_419,nuclear,negative,negative,negative,negative,negative
nuclear_429,nuclear,positive,positive,neutral,positive,positive
nuclear_432,nuclear,positive,neutral,neutral,neutral,neutral
nuclear_434,nuclear,positive,positive,positive,positive,positive
nuclear_435,nuclear,positive,negative,negative,negative,negative
nuclear_438,nuclear,negative,negative,negative,negative,negative
nuclear_439,nuclear,neutral,neutral,neutral,neutral,neutral
nuclear_440,nuclear,positive,neutral,neutral,neutral,neutral
nuclear_442,nuclear,positive,neutral,neutral,negative,neutral
nuclear_445,nuclear,positive,neutral,neutral,neutral,neutral
nuclear_446,nuclear,negative,negative,neutral,neutral,neutral
nuclear_447,nuclear,negative,negative,negative,negative,negative
nuclear_448,nuclear,negative,neutral,neutral,neutral,neutral
nuclear_449,nuclear,negative,neutral,neutral,neutral,neutral
nuclear_453,nuclear,negative,negative,negative,negative,negative
nuclear_455,nuclear,positive,positive,positive,positive,positive
nuclear_457,nuclear,positive,neutral,neutral,neutral,neutral
nuclear_459,nuclear,negative,negative,negative,negative,negative
nuclear_463,nuclear,positive,positive,positive,positive,positive
nuclear_464,nuclear,negative,negative,negative,negative,negative
nuclear_467,nuclear,neutral,neutral,neutral,neutral,neutral
nuclear_470,nuclear,positive,positive,neutral,neutral,positive
nuclear_471,nuclear,positive,positive,positive,positive,positive
nuclear_480,nuclear,positive,positive,positive,positive,positive
nuclear_484,nuclear,positive,positive,positive,positive,positive
nuclear_486,nuclear,positive,positive,positive,positive,positive
nuclear_487,nuclear,positive,neutral,neutral,neutral,neutral
nuclear_489,nuclear,positive,positive,positive,positive,positive
nuclear_491,nuclear,positive,positive,positive,positive,positive
nuclear_494,nuclear,positive,neutral,neutral,neutral,neutral
nuclear_495,nuclear,positive,positive,positive,positive,positive
nuclear_498,nuclear,positive,neutral,neutral,neutral,neutral
nuclear_499,nuclear,positive,neutral,neutral,neutral,neutral
nuclear_502,nuclear,positive,positive,positive,positive,positive
nuclear_503,nuclear,positive,positive,positive,positive,positive
nuclear_506,nuclear,neutral,neutral,neutral,neutral,neutral
nuclear_507,nuclear,positive,positive,positive,positive,positive
nuclear_509,nuclear,positive,positive,positive,positive,positive
nuclear_510,nuclear,positive,positive,positive,positive,positive
nuclear_511,nuclear,positive,positive,positive,positive,positive
nuclear_517,nuclear,negative,negative,negative,negative,negative
nuclear_521,nuclear,negative,negative,negative,negative,negative
nuclear_525,nuclear,positive,positive,positive,positive,positive
nuclear_526,nuclear,positive,positive,positive,positive,positive
nuclear_527,nuclear,positive,positive,positive,positive,positive
nuclear_528,nuclear,positive,positive,positive,positive,positive
nuclear_530,nuclear,positive,positive,positive,positive,positive
nuclear_532,nuclear,positive,positive,positive,positive,positive
nuclear_537,nuclear,positive,neutral,neutral,neutral,neutral
nuclear_544,nuclear,positive,positive,positive,positive,positive
nuclear_546,nuclear,positive,neutral,positive,neutral,positive
nuclear_549,nuclear,neutral,neutral,neutral,positive,positive
nuclear_552,nuclear,negative,negative,negative,negative,negative
nuclear_555,nuclear,positive,neutral,neutral,neutral,neutral
nuclear_557,nuclear,negative,negative,negative,negative,negative
nuclear_558,nuclear,neutral,neutral,neutral,neutral,neutral
nuclear_559,nuclear,negative,negative,negative,negative,negative
nuclear_560,nuclear,negative,negative,negative,negative,negative
nuclear_561,nuclear,negative,negative,negative,negative,negative
nuclear_563,nuclear,positive,positive,positive,positive,positive
nuclear_565,nuclear,positive,neutral,neutral,neutral,neutral
nuclear_566,nuclear,positive,positive,positive,positive,positive
nuclear_569,nuclear,neutral,neutral,neutral,neutral,positive
nuclear_571,nuclear,positive,neutral,neutral,neutral,neutral
nuclear_574,nuclear,positive,positive,positive,positive,positive
nuclear_575,nuclear,negative,negative,negative,negative,negative
nuclear_576,nuclear,positive,positive,positive,positive,positive
nuclear_581,nuclear,positive,positive,positive,positive,positive
nuclear_583,nuclear,positive,positive,positive,positive,positive
nuclear_587,nuclear,positive,neutral,neutral,neutral,neutral
nuclear_588,nuclear,neutral,neutral,neutral,neutral,neutral
nuclear_589,nuclear,positive,neutral,neutral,neutral,neutral
nuclear_591,nuclear,positive,positive,positive,positive,positive
nuclear_595,nuclear,positive,positive,positive,positive,positive
nuclear_603,nuclear,negative,negative,negative,negative,negative
nuclear_604,nuclear,negative,negative,negative,negative,negative
nuclear_608,nuclear,positive,neutral,neutral,neutral,neutral
nuclear_609,nuclear,positive,positive,positive,positive,positive
nuclear_610,nuclear,positive,neutral,neutral,neutral,neutral
nuclear_611,nuclear,positive,positive,positive,positive,positive
nuclear_612,nuclear,positive,positive,positive,positive,positive
nuclear_615,nuclear,positive,positive,positive,positive,positive
nuclear_616,nuclear,negative,negative,negative,negative,neutral
nuclear_618,nuclear,positive,positive,positive,positive,positive
nuclear_619,nuclear,positive,positive,positive,positive,positive
nuclear_623,nuclear,neutral,negative,negative,neutral,neutral
nuclear_625,nuclear,negative,neutral,neutral,neutral,neutral
nuclear_628,nuclear,negative,negative,negative,negative,negative
nuclear_629,nuclear,neutral,neutral,neutral,neutral,neutral
nuclear_630,nuclear,neutral,neutral,neutral,neutral,neutral
nuclear_632,nuclear,neutral,neutral,negative,neutral,neutral
nuclear_633,nuclear,neutral,neutral,neutral,neutral,neutral
nuclear_636,nuclear,positive,positive,positive,positive,positive
nuclear_637,nuclear,positive,neutral,neutral,neutral,neutral
nuclear_641,nuclear,positive,positive,positive,positive,positive
nuclear_643,nuclear,neutral,neutral,neutral,neutral,negative
nuclear_647,nuclear,positive,positive,positive,positive,positive
nuclear_650,nuclear,positive,positive,positive,positive,positive
nuclear_654,nuclear,negative,negative,negative,negative,negative
nuclear_658,nuclear,negative,negative,negative,negative,negative
nuclear_659,nuclear,negative,negative,negative,negative,negative
nuclear_661,nuclear,negative,negative,negative,negative,negative
nuclear_664,nuclear,negative,negative,negative,negative,negative
nuclear_665,nuclear,negative,neutral,neutral,neutral,neutral
nuclear_666,nuclear,negative,negative,negative,negative,negative
nuclear_668,nuclear,neutral,neutral,neutral,neutral,neutral
nuclear_669,nuclear,negative,neutral,neutral,neutral,neutral
nuclear_673,nuclear,negative,neutral,neutral,neutral,neutral
nuclear_677,nuclear,positive,positive,positive,positive,positive
nuclear_680,nuclear,positive,positive,positive,positive,positive
nuclear_682,nuclear,negative,neutral,neutral,neutral,neutral
nuclear_683,nuclear,negative,neutral,neutral,neutral,neutral
nuclear_685,nuclear,negative,neutral,neutral,neutral,neutral
nuclear_690,nuclear,positive,positive,positive,positive,positive
nuclear_692,nuclear,positive,positive,positive,positive,positive
nuclear_694,nuclear,negative,neutral,neutral,neutral,neutral
nuclear_695,nuclear,negative,negative,negative,neutral,neutral
nuclear_698,nuclear,neutral,negative,negative,neutral,negative
nuclear_700,nuclear,positive,positive,positive,positive,positive
nuclear_702,nuclear,neutral,neutral,positive,neutral,positive
nuclear_703,nuclear,positive,positive,positive,positive,positive
nuclear_706,nuclear,positive,positive,neutral,positive,positive
nuclear_710,nuclear,positive,neutral,neutral,neutral,neutral
nuclear_713,nuclear,negative,negative,negative,negative,negative
nuclear_714,nuclear,negative,negative,negative,negative,negative
nuclear_716,nuclear,negative,neutral,neutral,neutral,neutral
nuclear_717,nuclear,positive,positive,positive,positive,positive
nuclear_718,nuclear,positive,positive,positive,positive,positive
nuclear_721,nuclear,positive,positive,positive,positive,positive
nuclear_724,nuclear,positive,positive,positive,positive,positive
nuclear_725,nuclear,positive,positive,positive,positive,positive
nuclear_729,nuclear,positive,positive,positive,positive,positive
nuclear_730,nuclear,negative,neutral,neutral,neutral,neutral
nuclear_732,nuclear,neutral,neutral,neutral,neutral,neutral
nuclear_733,nuclear,neutral,neutral,neutral,neutral,neutral
nuclear_734,nuclear,positive,positive,positive,positive,positive
keto_2,keto,positive,neutral,neutral,neutral,neutral
keto_5,keto,negative,negative,negative,negative,negative
keto_6,keto,neutral,neutral,neutral,neutral,neutral
keto_7,keto,neutral,neutral,neutral,neutral,neutral
keto_9,keto,positive,positive,positive,positive,positive
keto_10,keto,negative,neutral,neutral,neutral,neutral
keto_11,keto,negative,neutral,neutral,neutral,neutral
keto_15,keto,neutral,neutral,neutral,neutral,neutral
keto_16,keto,negative,neutral,neutral,neutral,neutral
keto_18,keto,negative,negative,negative,negative,negative
keto_19,keto,neutral,negative,negative,negative,negative
keto_20,keto,negative,negative,negative,negative,negative
keto_22,keto,negative,neutral,neutral,negative,neutral
keto_24,keto,negative,negative,negative,negative,negative
keto_26,keto,negative,negative,negative,negative,negative
keto_27,keto,negative,negative,negative,negative,negative
keto_28,keto,negative,neutral,neutral,neutral,neutral
keto_30,keto,positive,neutral,neutral,neutral,neutral
keto_31,keto,negative,negative,negative,negative,negative
keto_32,keto,negative,negative,negative,negative,negative
keto_33,keto,neutral,neutral,neutral,neutral,neutral
keto_34,keto,negative,neutral,neutral,neutral,neutral
keto_36,keto,positive,positive,positive,positive,positive
keto_43,keto,positive,positive,positive,positive,positive
keto_46,keto,negative,neutral,neutral,neutral,neutral
keto_48,keto,negative,negative,negative,negative,negative
keto_52,keto,positive,positive,positive,positive,positive
keto_54,keto,negative,negative,negative,neutral,neutral
keto_55,keto,positive,positive,positive,positive,positive
keto_56,keto,positive,neutral,neutral,neutral,neutral
keto_60,keto,neutral,neutral,neutral,neutral,neutral
keto_64,keto,positive,positive,positive,positive,positive
keto_65,keto,positive,positive,positive,positive,positive
keto_68,keto,positive,positive,positive,positive,positive
keto_70,keto,positive,positive,positive,positive,positive
keto_71,keto,positive,positive,positive,positive,positive
keto_73,keto,neutral,neutral,neutral,neutral,neutral
keto_78,keto,neutral,neutral,neutral,neutral,neutral
keto_79,keto,positive,neutral,neutral,neutral,positive
keto_81,keto,neutral,positive,neutral,neutral,positive
keto_83,keto,positive,positive,positive,positive,positive
keto_84,keto,neutral,neutral,neutral,neutral,neutral
keto_86,keto,neutral,neutral,neutral,neutral,neutral
keto_87,keto,positive,neutral,neutral,neutral,neutral
keto_89,keto,neutral,neutral,neutral,neutral,neutral
keto_90,keto,neutral,neutral,neutral,neutral,neutral
keto_95,keto,positive,neutral,neutral,neutral,neutral
keto_97,keto,neutral,neutral,neutral,neutral,neutral
keto_99,keto,neutral,neutral,neutral,neutral,neutral
keto_100,keto,neutral,neutral,neutral,neutral,neutral
keto_103,keto,neutral,neutral,neutral,neutral,neutral
keto_105,keto,neutral,neutral,neutral,neutral,neutral
keto_106,keto,neutral,neutral,neutral,neutral,neutral
keto_107,keto,neutral,neutral,neutral,neutral,neutral
keto_108,keto,positive,neutral,neutral,neutral,neutral
keto_110,keto,neutral,neutral,neutral,neutral,neutral
keto_111,keto,neutral,neutral,neutral,neutral,neutral
keto_112,keto,neutral,neutral,neutral,neutral,neutral
keto_113,keto,positive,neutral,neutral,neutral,neutral
keto_114,keto,negative,neutral,neutral,neutral,neutral
keto_115,keto,positive,neutral,neutral,positive,positive
keto_117,keto,neutral,neutral,neutral,positive,neutral
keto_118,keto,positive,positive,positive,positive,positive
keto_119,keto,neutral,neutral,neutral,neutral,neutral
keto_120,keto,positive,neutral,neutral,neutral,neutral
keto_122,keto,positive,neutral,neutral,neutral,neutral
keto_123,keto,positive,neutral,neutral,neutral,neutral
keto_124,keto,neutral,neutral,neutral,neutral,neutral
keto_125,keto,negative,negative,negative,negative,negative
keto_126,keto,negative,negative,negative,negative,negative
keto_127,keto,negative,negative,negative,negative,negative
keto_130,keto,positive,neutral,neutral,neutral,neutral
keto_131,keto,positive,neutral,neutral,neutral,neutral
keto_132,keto,neutral,neutral,neutral,neutral,neutral
keto_133,keto,neutral,neutral,neutral,neutral,neutral
keto_134,keto,neutral,neutral,neutral,neutral,neutral
keto_135,keto,neutral,neutral,neutral,neutral,neutral
keto_136,keto,neutral,neutral,neutral,neutral,neutral
keto_137,keto,positive,positive,positive,positive,positive
keto_138,keto,neutral,neutral,neutral,neutral,neutral
keto_139,keto,positive,positive,positive,positive,positive
keto_141,keto,positive,positive,positive,positive,positive
keto_143,keto,negative,negative,negative,negative,negative
keto_145,keto,negative,negative,negative,negative,negative
keto_146,keto,negative,negative,negative,negative,negative
keto_147,keto,negative,negative,negative,negative,negative
keto_148,keto,negative,negative,negative,negative,negative
keto_151,keto,negative,negative,negative,negative,negative
keto_153,keto,neutral,neutral,neutral,neutral,neutral
keto_155,keto,neutral,neutral,neutral,neutral,neutral
keto_156,keto,positive,neutral,neutral,neutral,neutral
keto_157,keto,positive,positive,positive,positive,positive
keto_158,keto,neutral,neutral,neutral,neutral,neutral
keto_161,keto,positive,neutral,neutral,positive,positive
keto_163,keto,negative,negative,negative,negative,negative
keto_164,keto,negative,negative,negative,negative,negative
keto_166,keto,negative,negative,negative,negative,negative
keto_167,keto,negative,negative,negative,negative,negative
keto_168,keto,positive,neutral,positive,positive,positive
keto_169,keto,neutral,neutral,neutral,neutral,neutral
keto_170,keto,neutral,negative,neutral,neutral,neutral
keto_173,keto,positive,positive,positive,positive,positive
keto_175,keto,positive,positive,positive,positive,positive
keto_176,keto,positive,positive,positive,positive,positive
keto_179,keto,positive,positive,positive,positive,positive
keto_180,keto,positive,positive,positive,positive,positive
keto_181,keto,positive,positive,positive,positive,positive
keto_182,keto,negative,negative,negative,negative,negative
keto_183,keto,negative,neutral,negative,neutral,neutral
keto_185,keto,neutral,neutral,neutral,neutral,neutral
keto_187,keto,neutral,neutral,neutral,neutral,neutral
keto_189,keto,neutral,neutral,neutral,neutral,neutral
keto_191,keto,neutral,neutral,neutral,neutral,neutral
keto_194,keto,neutral,neutral,positive,neutral,neutral
keto_198,keto,neutral,neutral,neutral,neutral,neutral
keto_199,keto,neutral,neutral,neutral,neutral,neutral
keto_200,keto,negative,neutral,neutral,neutral,neutral
keto_201,keto,positive,positive,positive,positive,positive
keto_202,keto,neutral,neutral,neutral,neutral,neutral
keto_204,keto,positive,neutral,neutral,neutral,neutral
keto_205,keto,positive,neutral,neutral,positive,positive
keto_206,keto,positive,neutral,neutral,neutral,neutral
keto_216,keto,negative,negative,negative,negative,negative
keto_217,keto,neutral,negative,negative,negative,negative
keto_218,keto,negative,negative,negative,negative,negative
keto_219,keto,negative,negative,negative,negative,negative
keto_220,keto,neutral,negative,negative,neutral,negative
keto_221,keto,negative,neutral,neutral,neutral,neutral
keto_222,keto,neutral,neutral,neutral,negative,neutral
keto_223,keto,positive,neutral,neutral,neutral,neutral
keto_224,keto,positive,neutral,neutral,neutral,neutral
keto_226,keto,positive,neutral,neutral,neutral,neutral
keto_227,keto,neutral,neutral,neutral,neutral,neutral
keto_230,keto,neutral,neutral,neutral,neutral,neutral
keto_231,keto,positive,neutral,neutral,neutral,neutral
keto_232,keto,neutral,neutral,neutral,neutral,neutral
keto_234,keto,negative,neutral,neutral,neutral,neutral
keto_236,keto,positive,neutral,neutral,neutral,neutral
keto_239,keto,positive,positive,positive,positive,positive
keto_240,keto,positive,positive,positive,positive,positive
keto_243,keto,negative,neutral,neutral,neutral,neutral
keto_245,keto,neutral,neutral,neutral,neutral,positive
keto_250,keto,neutral,neutral,neutral,neutral,neutral
keto_251,keto,positive,positive,positive,positive,positive
keto_252,keto,positive,positive,positive,positive,positive
keto_254,keto,neutral,neutral,neutral,neutral,neutral
keto_255,keto,neutral,neutral,neutral,neutral,neutral
keto_257,keto,neutral,neutral,neutral,neutral,neutral
keto_260,keto,positive,positive,positive,positive,positive
keto_261,keto,neutral,positive,positive,neutral,positive
keto_264,keto,neutral,neutral,neutral,neutral,neutral
keto_265,keto,neutral,negative,negative,neutral,neutral
keto_266,keto,neutral,positive,negative,positive,positive
keto_267,keto,neutral,neutral,positive,neutral,positive
keto_272,keto,positive,positive,positive,positive,positive
keto_273,keto,neutral,neutral,neutral,neutral,neutral
keto_274,keto,negative,negative,negative,negative,negative
keto_275,keto,neutral,neutral,neutral,neutral,neutral
keto_277,keto,positive,positive,positive,positive,positive
keto_278,keto,neutral,neutral,neutral,neutral,neutral
keto_279,keto,positive,positive,positive,positive,positive
keto_281,keto,positive,neutral,neutral,neutral,neutral
keto_282,keto,positive,positive,positive,positive,positive
keto_285,keto,negative,negative,negative,negative,negative
keto_287,keto,neutral,neutral,neutral,neutral,neutral
keto_288,keto,neutral,neutral,neutral,neutral,neutral
keto_289,keto,positive,positive,positive,positive,positive
keto_290,keto,positive,positive,positive,positive,positive
keto_291,keto,negative,negative,negative,negative,negative
keto_292,keto,negative,negative,negative,negative,negative
keto_293,keto,negative,negative,negative,negative,negative
keto_295,keto,neutral,neutral,neutral,neutral,neutral
keto_296,keto,positive,neutral,neutral,neutral,neutral
keto_298,keto,positive,positive,positive,positive,positive
keto_299,keto,positive,neutral,neutral,neutral,neutral
keto_300,keto,positive,neutral,neutral,neutral,neutral
keto_301,keto,negative,neutral,neutral,neutral,neutral
keto_302,keto,neutral,neutral,neutral,neutral,neutral
keto_303,keto,neutral,negative,negative,negative,negative
keto_307,keto,negative,neutral,negative,neutral,neutral
keto_311,keto,negative,negative,negative,negative,negative
keto_318,keto,negative,negative,negative,negative,negative
keto_320,keto,positive,positive,positive,positive,positive
keto_321,keto,positive,positive,positive,positive,positive
keto_323,keto,positive,positive,positive,positive,positive
keto_325,keto,positive,positive,positive,positive,positive
keto_326,keto,positive,positive,positive,positive,positive
keto_327,keto,positive,positive,positive,positive,positive
keto_328,keto,positive,positive,positive,positive,positive
keto_329,keto,positive,positive,positive,positive,positive
keto_330,keto,positive,positive,positive,positive,positive
keto_331,keto,positive,positive,positive,positive,positive
keto_334,keto,positive,positive,positive,positive,positive
keto_335,keto,positive,positive,positive,positive,positive
keto_336,keto,positive,positive,positive,positive,positive
keto_337,keto,positive,positive,positive,positive,positive
keto_340,keto,positive,positive,positive,positive,positive
keto_343,keto,positive,positive,positive,positive,positive
keto_344,keto,positive,positive,positive,positive,positive
keto_345,keto,neutral,positive,positive,positive,positive
keto_346,keto,positive,positive,positive,positive,positive
keto_347,keto,positive,positive,neutral,positive,positive
keto_348,keto,positive,positive,positive,positive,neutral
keto_349,keto,positive,positive,positive,positive,positive
keto_350,keto,positive,positive,positive,positive,positive
keto_351,keto,neutral,positive,positive,positive,positive
keto_352,keto,positive,positive,positive,positive,positive
keto_354,keto,positive,positive,positive,positive,positive
keto_355,keto,positive,positive,positive,positive,positive
keto_356,keto,positive,positive,positive,positive,positive
keto_357,keto,positive,positive,positive,positive,positive
keto_358,keto,positive,positive,positive,positive,positive
keto_359,keto,neutral,positive,positive,positive,positive
keto_360,keto,neutral,positive,positive,positive,positive
keto_361,keto,positive,positive,positive,positive,positive
keto_363,keto,positive,positive,neutral,positive,positive
keto_366,keto,positive,positive,positive,positive,positive
keto_367,keto,positive,positive,positive,positive,positive
keto_368,keto,positive,positive,positive,positive,positive
keto_369,keto,positive,positive,neutral,positive,positive
keto_370,keto,negative,neutral,neutral,neutral,neutral
keto_371,keto,positive,positive,positive,positive,positive
keto_373,keto,positive,positive,neutral,positive,positive
keto_374,keto,positive,positive,positive,positive,positive
keto_376,keto,positive,neutral,neutral,neutral,neutral
keto_377,keto,neutral,neutral,positive,neutral,neutral
keto_379,keto,positive,neutral,neutral,neutral,neutral
keto_380,keto,positive,neutral,neutral,neutral,neutral
keto_381,keto,positive,positive,positive,positive,positive
keto_382,keto,positive,neutral,neutral,neutral,neutral
keto_383,keto,neutral,neutral,neutral,neutral,neutral
keto_385,keto,neutral,neutral,neutral,neutral,neutral
keto_386,keto,positive,neutral,neutral,neutral,neutral
keto_387,keto,neutral,neutral,neutral,neutral,neutral
keto_388,keto,positive,neutral,neutral,neutral,neutral
keto_391,keto,neutral,neutral,neutral,neutral,neutral
keto_393,keto,positive,neutral,neutral,neutral,neutral
keto_394,keto,positive,neutral,neutral,neutral,neutral
keto_395,keto,positive,positive,positive,positive,positive
keto_396,keto,neutral,neutral,neutral,neutral,neutral
keto_397,keto,positive,positive,positive,positive,positive
keto_399,keto,positive,positive,positive,positive,positive
keto_400,keto,positive,positive,positive,positive,positive
keto_401,keto,positive,positive,positive,positive,positive
keto_405,keto,positive,neutral,neutral,neutral,neutral
keto_406,keto,neutral,neutral,neutral,neutral,neutral
keto_407,keto,neutral,neutral,neutral,neutral,neutral
keto_408,keto,neutral,neutral,neutral,neutral,neutral
keto_410,keto,neutral,neutral,neutral,neutral,neutral
keto_412,keto,negative,negative,negative,negative,negative
keto_414,keto,neutral,positive,positive,positive,positive
keto_415,keto,positive,neutral,neutral,neutral,neutral
keto_418,keto,neutral,neutral,neutral,neutral,neutral
keto_419,keto,negative,neutral,neutral,neutral,neutral
keto_420,keto,positive,neutral,neutral,neutral,neutral
keto_421,keto,neutral,neutral,neutral,neutral,neutral
keto_422,keto,positive,neutral,neutral,neutral,neutral
keto_423,keto,positive,neutral,neutral,neutral,neutral
keto_424,keto,positive,neutral,neutral,neutral,neutral
keto_425,keto,positive,neutral,neutral,neutral,neutral
keto_426,keto,positive,positive,positive,positive,positive
keto_429,keto,neutral,neutral,neutral,neutral,neutral
keto_431,keto,neutral,neutral,neutral,neutral,positive
keto_434,keto,positive,neutral,neutral,neutral,neutral
keto_435,keto,neutral,positive,positive,positive,positive
keto_438,keto,positive,neutral,positive,positive,positive
keto_439,keto,positive,neutral,positive,neutral,neutral
keto_440,keto,neutral,neutral,neutral,positive,positive
keto_441,keto,neutral,neutral,neutral,neutral,neutral
keto_446,keto,neutral,neutral,neutral,neutral,neutral
keto_447,keto,neutral,neutral,neutral,neutral,neutral
keto_448,keto,neutral,neutral,neutral,neutral,neutral
keto_452,keto,neutral,neutral,neutral,neutral,neutral
keto_453,keto,neutral,neutral,neutral,neutral,neutral
keto_455,keto,neutral,neutral,neutral,neutral,neutral
keto_458,keto,neutral,neutral,neutral,neutral,neutral
keto_459,keto,neutral,neutral,neutral,neutral,neutral
keto_460,keto,neutral,neutral,neutral,neutral,neutral
keto_461,keto,negative,neutral,neutral,neutral,neutral
keto_463,keto,neutral,neutral,neutral,neutral,neutral
keto_464,keto,positive,neutral,neutral,neutral,neutral
keto_467,keto,neutral,neutral,neutral,neutral,neutral
keto_468,keto,neutral,neutral,neutral,neutral,neutral
keto_471,keto,positive,positive,positive,positive,positive
keto_472,keto,neutral,positive,positive,positive,positive
keto_473,keto,positive,neutral,positive,positive,positive
keto_474,keto,positive,positive,positive,positive,positive
keto_475,keto,positive,positive,positive,positive,positive
keto_479,keto,positive,positive,neutral,neutral,positive
keto_481,keto,neutral,neutral,neutral,neutral,negative
keto_482,keto,positive,positive,positive,positive,positive
keto_487,keto,positive,neutral,neutral,neutral,neutral
keto_490,keto,positive,neutral,neutral,neutral,neutral
keto_491,keto,positive,neutral,neutral,neutral,neutral
keto_492,keto,positive,neutral,neutral,neutral,neutral
keto_494,keto,positive,neutral,neutral,neutral,neutral
keto_495,keto,neutral,neutral,neutral,neutral,neutral
keto_499,keto,neutral,neutral,neutral,neutral,neutral
keto_500,keto,neutral,neutral,neutral,neutral,neutral
keto_501,keto,neutral,neutral,neutral,positive,neutral
ubi_0,ubi,positive,positive,positive,positive,positive
ubi_1,ubi,neutral,positive,positive,positive,positive
ubi_3,ubi,positive,positive,positive,positive,positive
ubi_5,ubi,positive,positive,positive,positive,positive
ubi_6,ubi,neutral,neutral,neutral,neutral,neutral
ubi_7,ubi,neutral,neutral,neutral,neutral,neutral
ubi_8,ubi,positive,positive,positive,positive,positive
ubi_9,ubi,positive,positive,positive,positive,positive
ubi_10,ubi,negative,negative,negative,negative,negative
ubi_11,ubi,negative,negative,negative,negative,negative
ubi_12,ubi,negative,negative,negative,negative,negative
ubi_15,ubi,positive,positive,positive,positive,positive
ubi_16,ubi,positive,positive,positive,positive,positive
ubi_18,ubi,negative,negative,negative,negative,negative
ubi_20,ubi,positive,positive,positive,positive,positive
ubi_21,ubi,positive,neutral,neutral,positive,positive
ubi_22,ubi,positive,neutral,neutral,neutral,neutral
ubi_24,ubi,positive,neutral,neutral,neutral,neutral
ubi_25,ubi,positive,positive,positive,positive,positive
ubi_27,ubi,neutral,neutral,neutral,neutral,neutral
ubi_28,ubi,neutral,neutral,neutral,neutral,neutral
ubi_29,ubi,neutral,neutral,neutral,neutral,neutral
ubi_30,ubi,positive,neutral,neutral,neutral,neutral
ubi_32,ubi,positive,positive,positive,positive,positive
ubi_35,ubi,positive,positive,positive,positive,positive
ubi_37,ubi,positive,positive,positive,positive,positive
ubi_39,ubi,positive,positive,positive,neutral,positive
ubi_40,ubi,negative,negative,negative,negative,negative
ubi_43,ubi,positive,positive,positive,positive,positive
ubi_45,ubi,positive,positive,positive,neutral,positive
ubi_46,ubi,positive,neutral,neutral,neutral,neutral
ubi_47,ubi,negative,neutral,neutral,neutral,neutral
ubi_48,ubi,negative,neutral,neutral,neutral,neutral
ubi_50,ubi,positive,positive,positive,positive,positive
ubi_51,ubi,positive,neutral,neutral,neutral,neutral
ubi_52,ubi,neutral,neutral,neutral,neutral,neutral
ubi_54,ubi,positive,neutral,neutral,neutral,neutral
ubi_55,ubi,positive,neutral,neutral,neutral,neutral
ubi_56,ubi,positive,positive,positive,positive,positive
ubi_57,ubi,positive,neutral,neutral,neutral,positive
ubi_58,ubi,neutral,neutral,neutral,neutral,neutral
ubi_60,ubi,positive,positive,positive,positive,positive
ubi_61,ubi,neutral,neutral,neutral,neutral,neutral
ubi_62,ubi,positive,neutral,neutral,neutral,positive
ubi_64,ubi,positive,positive,positive,positive,positive
ubi_65,ubi,neutral,neutral,neutral,neutral,neutral
ubi_68,ubi,positive,positive,positive,positive,positive
ubi_69,ubi,neutral,positive,positive,positive,positive
ubi_70,ubi,positive,positive,positive,positive,positive
ubi_71,ubi,positive,positive,positive,positive,positive
ubi_72,ubi,positive,positive,positive,positive,positive
ubi_74,ubi,positive,positive,positive,positive,positive
ubi_75,ubi,positive,positive,positive,positive,positive
ubi_78,ubi,positive,positive,positive,positive,positive
ubi_80,ubi,positive,neutral,neutral,neutral,neutral
ubi_81,ubi,negative,negative,negative,negative,negative
ubi_82,ubi,neutral,neutral,neutral,neutral,positive
ubi_83,ubi,neutral,neutral,neutral,neutral,neutral
ubi_84,ubi,positive,positive,positive,positive,positive
ubi_85,ubi,neutral,neutral,neutral,neutral,neutral
ubi_87,ubi,positive,neutral,neutral,neutral,neutral
ubi_89,ubi,negative,negative,negative,negative,negative
ubi_90,ubi,positive,positive,positive,positive,positive
ubi_91,ubi,neutral,neutral,neutral,positive,positive
ubi_92,ubi,neutral,neutral,neutral,neutral,neutral
ubi_93,ubi,negative,negative,negative,negative,negative
ubi_94,ubi,negative,negative,negative,negative,negative
ubi_97,ubi,positive,positive,positive,positive,positive
ubi_98,ubi,positive,positive,positive,positive,positive
ubi_100,ubi,positive,positive,positive,positive,positive
ubi_101,ubi,positive,positive,positive,positive,positive
ubi_102,ubi,neutral,positive,positive,positive,positive
ubi_103,ubi,negative,neutral,neutral,neutral,neutral
ubi_105,ubi,positive,neutral,neutral,neutral,neutral
ubi_106,ubi,neutral,neutral,neutral,neutral,neutral
ubi_107,ubi,positive,positive,positive,positive,positive
ubi_108,ubi,neutral,neutral,neutral,neutral,neutral
ubi_112,ubi,neutral,neutral,neutral,neutral,neutral
ubi_113,ubi,negative,negative,negative,negative,negative
ubi_114,ubi,positive,positive,positive,positive,positive
ubi_115,ubi,positive,positive,positive,positive,positive
ubi_116,ubi,positive,positive,positive,positive,positive
ubi_117,ubi,positive,positive,positive,positive,positive
ubi_119,ubi,neutral,neutral,neutral,positive,neutral
ubi_121,ubi,neutral,neutral,neutral,neutral,neutral
ubi_122,ubi,neutral,neutral,neutral,neutral,neutral
ubi_123,ubi,positive,neutral,neutral,neutral,neutral
ubi_124,ubi,neutral,neutral,neutral,neutral,neutral
ubi_125,ubi,negative,neutral,neutral,neutral,neutral
ubi_126,ubi,positive,neutral,neutral,neutral,neutral
ubi_128,ubi,neutral,neutral,neutral,neutral,neutral
ubi_129,ubi,negative,neutral,neutral,neutral,neutral
ubi_130,ubi,neutral,neutral,neutral,neutral,neutral
ubi_131,ubi,negative,neutral,neutral,neutral,neutral
ubi_132,ubi,neutral,negative,negative,negative,negative
ubi_134,ubi,negative,negative,negative,negative,negative
ubi_135,ubi,negative,negative,negative,negative,negative
ubi_136,ubi,positive,neutral,neutral,neutral,neutral
ubi_140,ubi,positive,neutral,neutral,neutral,neutral
ubi_141,ubi,positive,positive,positive,positive,positive
ubi_143,ubi,positive,neutral,neutral,neutral,neutral
ubi_145,ubi,positive,positive,positive,positive,positive
ubi_146,ubi,negative,negative,negative,negative,negative
ubi_147,ubi,negative,negative,negative,negative,negative
ubi_148,ubi,negative,negative,negative,negative,negative
ubi_149,ubi,positive,positive,positive,positive,positive
ubi_150,ubi,positive,positive,positive,positive,positive
ubi_151,ubi,positive,positive,positive,positive,positive
ubi_152,ubi,positive,positive,positive,positive,positive
ubi_154,ubi,neutral,neutral,neutral,neutral,neutral
ubi_156,ubi,positive,positive,positive,positive,positive
ubi_157,ubi,neutral,neutral,neutral,neutral,neutral
ubi_159,ubi,neutral,neutral,neutral,neutral,neutral
ubi_160,ubi,positive,positive,positive,positive,positive
ubi_161,ubi,positive,positive,positive,positive,positive
ubi_162,ubi,neutral,negative,negative,negative,negative
ubi_163,ubi,positive,positive,positive,positive,positive
ubi_164,ubi,neutral,neutral,neutral,neutral,neutral
ubi_165,ubi,positive,positive,neutral,neutral,positive
ubi_166,ubi,positive,positive,positive,positive,positive
ubi_167,ubi,positive,positive,positive,positive,positive
ubi_168,ubi,positive,positive,positive,positive,positive
ubi_169,ubi,positive,positive,positive,positive,positive
ubi_170,ubi,positive,positive,positive,positive,positive
ubi_171,ubi,positive,neutral,neutral,positive,neutral
ubi_173,ubi,neutral,neutral,neutral,neutral,neutral
ubi_174,ubi,positive,positive,positive,positive,positive
ubi_175,ubi,positive,neutral,neutral,neutral,neutral
ubi_176,ubi,neutral,neutral,neutral,neutral,neutral
ubi_177,ubi,positive,neutral,neutral,neutral,neutral
ubi_179,ubi,negative,negative,negative,negative,negative
ubi_180,ubi,negative,negative,negative,negative,negative
ubi_181,ubi,negative,negative,negative,negative,negative
ubi_182,ubi,negative,negative,negative,negative,negative
ubi_183,ubi,negative,negative,negative,negative,negative
ubi_184,ubi,negative,negative,negative,negative,negative
ubi_185,ubi,negative,neutral,neutral,neutral,neutral
ubi_186,ubi,negative,negative,negative,negative,negative
ubi_187,ubi,negative,negative,negative,negative,negative
ubi_188,ubi,negative,positive,negative,positive,negative
ubi_190,ubi,negative,positive,positive,positive,positive
ubi_191,ubi,positive,positive,positive,positive,positive
ubi_194,ubi,positive,neutral,neutral,neutral,neutral
ubi_195,ubi,positive,neutral,neutral,neutral,neutral
ubi_197,ubi,positive,neutral,neutral,neutral,neutral
ubi_198,ubi,positive,neutral,neutral,neutral,positive
ubi_200,ubi,neutral,neutral,neutral,neutral,neutral
ubi_201,ubi,positive,neutral,neutral,neutral,neutral
ubi_204,ubi,negative,negative,negative,negative,negative
ubi_206,ubi,positive,positive,positive,positive,positive
ubi_207,ubi,positive,neutral,neutral,neutral,neutral
ubi_209,ubi,positive,positive,positive,positive,positive
ubi_211,ubi,negative,neutral,neutral,neutral,neutral
ubi_212,ubi,positive,neutral,neutral,neutral,neutral
ubi_214,ubi,positive,positive,positive,positive,positive
ubi_215,ubi,neutral,positive,positive,positive,neutral
ubi_216,ubi,positive,positive,positive,positive,positive
ubi_217,ubi,neutral,positive,positive,positive,positive
ubi_218,ubi,neutral,neutral,neutral,neutral,neutral
ubi_219,ubi,neutral,positive,positive,positive,positive
ubi_220,ubi,positive,neutral,neutral,neutral,neutral
ubi_221,ubi,positive,neutral,neutral,neutral,positive
ubi_222,ubi,neutral,neutral,neutral,neutral,neutral
ubi_224,ubi,positive,positive,positive,positive,positive
ubi_227,ubi,positive,positive,positive,positive,positive
ubi_229,ubi,positive,positive,positive,positive,positive
ubi_230,ubi,neutral,positive,neutral,positive,neutral
ubi_231,ubi,positive,positive,positive,positive,positive
ubi_232,ubi,positive,positive,positive,positive,positive
ubi_233,ubi,positive,positive,positive,positive,positive
ubi_235,ubi,neutral,neutral,neutral,neutral,neutral
ubi_236,ubi,neutral,neutral,neutral,neutral,neutral
ubi_237,ubi,negative,negative,negative,neutral,negative
ubi_239,ubi,positive,positive,positive,positive,positive
ubi_241,ubi,positive,neutral,neutral,positive,positive
ubi_242,ubi,positive,positive,positive,positive,positive
ubi_243,ubi,positive,neutral,neutral,neutral,neutral
ubi_246,ubi,negative,negative,negative,negative,negative
ubi_248,ubi,negative,negative,negative,negative,negative
ubi_249,ubi,negative,negative,negative,negative,negative
ubi_250,ubi,negative,negative,negative,negative,negative
ubi_251,ubi,negative,negative,negative,negative,negative
ubi_252,ubi,negative,negative,negative,negative,negative
ubi_253,ubi,negative,negative,negative,negative,negative
ubi_254,ubi,negative,negative,negative,negative,negative
ubi_255,ubi,negative,negative,negative,negative,negative
ubi_256,ubi,negative,negative,negative,negative,negative
ubi_257,ubi,negative,negative,negative,negative,negative
ubi_258,ubi,negative,negative,negative,negative,negative
ubi_259,ubi,negative,negative,negative,negative,negative
ubi_260,ubi,negative,negative,negative,negative,negative
ubi_262,ubi,negative,negative,negative,negative,negative
ubi_263,ubi,negative,negative,negative,negative,negative
ubi_264,ubi,negative,negative,negative,negative,negative
ubi_265,ubi,negative,negative,negative,negative,negative
ubi_266,ubi,negative,negative,negative,negative,negative
ubi_268,ubi,negative,negative,negative,negative,negative
ubi_270,ubi,negative,negative,negative,negative,negative
ubi_271,ubi,negative,negative,negative,negative,negative
ubi_272,ubi,negative,negative,negative,negative,negative
ubi_273,ubi,neutral,neutral,neutral,neutral,neutral
ubi_274,ubi,positive,positive,positive,positive,positive
ubi_275,ubi,positive,neutral,neutral,neutral,neutral
ubi_276,ubi,positive,positive,positive,positive,positive
ubi_277,ubi,positive,neutral,neutral,neutral,neutral
ubi_279,ubi,negative,negative,negative,negative,negative
ubi_280,ubi,negative,negative,negative,negative,negative
ubi_281,ubi,negative,negative,negative,negative,negative
ubi_283,ubi,negative,negative,negative,negative,negative
ubi_284,ubi,negative,negative,negative,negative,negative
ubi_285,ubi,positive,positive,positive,positive,positive
ubi_287,ubi,positive,positive,positive,positive,positive
ubi_289,ubi,positive,positive,positive,positive,positive
ubi_290,ubi,positive,positive,positive,positive,positive
ubi_291,ubi,positive,positive,positive,positive,positive
ubi_292,ubi,positive,positive,positive,positive,positive
ubi_293,ubi,positive,positive,positive,positive,positive
ubi_296,ubi,positive,positive,positive,positive,positive
ubi_297,ubi,positive,neutral,neutral,neutral,neutral
ubi_299,ubi,positive,positive,positive,positive,positive
ubi_300,ubi,positive,positive,positive,positive,positive
ubi_302,ubi,positive,neutral,neutral,neutral,neutral
ubi_305,ubi,positive,positive,positive,positive,positive
ubi_306,ubi,positive,neutral,neutral,neutral,neutral
ubi_319,ubi,positive,positive,positive,positive,positive
ubi_327,ubi,positive,positive,positive,positive,positive
ubi_328,ubi,positive,neutral,neutral,neutral,positive
ubi_334,ubi,positive,positive,positive,positive,positive
ubi_341,ubi,negative,negative,negative,negative,neutral
ubi_343,ubi,neutral,neutral,neutral,neutral,neutral
ubi_344,ubi,negative,neutral,neutral,neutral,neutral
ubi_348,ubi,neutral,neutral,neutral,neutral,neutral
ubi_361,ubi,positive,neutral,neutral,neutral,neutral
ubi_362,ubi,positive,positive,neutral,neutral,positive
ubi_366,ubi,neutral,neutral,positive,positive,positive
ubi_368,ubi,positive,positive,positive,positive,positive
ubi_369,ubi,positive,positive,positive,positive,positive
ubi_375,ubi,negative,negative,negative,negative,negative
ubi_380,ubi,negative,negative,negative,negative,negative
ubi_381,ubi,negative,negative,negative,negative,negative
ubi_392,ubi,positive,positive,positive,positive,positive
ubi_397,ubi,positive,neutral,neutral,neutral,neutral
ubi_400,ubi,positive,neutral,neutral,neutral,positive
ubi_406,ubi,neutral,negative,negative,negative,negative
ubi_407,ubi,negative,negative,negative,negative,negative
ubi_410,ubi,negative,negative,negative,negative,negative
ubi_413,ubi,positive,neutral,neutral,positive,positive
ubi_414,ubi,positive,positive,positive,positive,positive
ubi_421,ubi,positive,positive,positive,positive,positive
ubi_423,ubi,negative,negative,negative,negative,negative
ubi_424,ubi,positive,positive,positive,positive,positive
ubi_437,ubi,positive,neutral,neutral,neutral,neutral
ubi_438,ubi,positive,neutral,neutral,neutral,neutral
ubi_439,ubi,neutral,negative,negative,neutral,neutral
ubi_441,ubi,positive,neutral,positive,neutral,positive
ubi_444,ubi,positive,positive,positive,positive,positive
ubi_445,ubi,positive,neutral,neutral,neutral,neutral
ubi_449,ubi,positive,positive,positive,positive,positive
ubi_455,ubi,negative,negative,negative,negative,neutral
ubi_457,ubi,positive,positive,positive,positive,neutral
ubi_459,ubi,positive,neutral,neutral,neutral,neutral
ubi_465,ubi,negative,negative,negative,negative,negative
ubi_466,ubi,negative,negative,negative,negative,negative
ubi_470,ubi,positive,positive,positive,positive,positive
ubi_473,ubi,positive,positive,positive,positive,positive
ubi_474,ubi,positive,positive,positive,positive,positive
ubi_487,ubi,positive,positive,positive,positive,positive
ubi_488,ubi,positive,positive,positive,positive,positive
ubi_491,ubi,negative,negative,negative,negative,negative
ubi_498,ubi,neutral,positive,positive,positive,positive
ubi_499,ubi,positive,positive,positive,positive,positive
ubi_527,ubi,negative,negative,negative,negative,negative
ubi_540,ubi,neutral,neutral,neutral,neutral,neutral
ubi_546,ubi,positive,positive,positive,positive,positive
ubi_548,ubi,negative,negative,negative,negative,negative
ubi_559,ubi,negative,negative,negative,negative,negative
ubi_566,ubi,neutral,negative,negative,negative,negative
ubi_567,ubi,positive,positive,positive,positive,positive
ubi_568,ubi,positive,positive,positive,positive,positive
ubi_572,ubi,negative,negative,negative,negative,negative
ubi_574,ubi,negative,negative,negative,negative,negative
ubi_578,ubi,positive,positive,positive,positive,positive
ubi_579,ubi,positive,neutral,neutral,positive,neutral
ubi_581,ubi,negative,negative,negative,negative,negative
ubi_584,ubi,neutral,neutral,neutral,neutral,neutral
ubi_590,ubi,positive,positive,positive,positive,positive
ubi_595,ubi,positive,positive,positive,positive,positive
ubi_596,ubi,positive,positive,positive,positive,positive
ubi_598,ubi,neutral,neutral,neutral,neutral,positive
ubi_601,ubi,positive,positive,positive,positive,positive
ubi_602,ubi,neutral,positive,neutral,positive,positive
ubi_605,ubi,positive,positive,positive,positive,positive
ubi_606,ubi,positive,positive,positive,positive,positive
ubi_608,ubi,neutral,neutral,neutral,neutral,neutral
ubi_613,ubi,neutral,negative,neutral,neutral,negative
ubi_614,ubi,positive,positive,positive,positive,positive
ubi_640,ubi,neutral,negative,neutral,neutral,neutral
ubi_644,ubi,positive,neutral,neutral,positive,positive
ubi_646,ubi,positive,positive,positive,positive,positive
ubi_647,ubi,positive,positive,positive,positive,positive
spacexipo_0,spacexipo,positive,neutral,neutral,neutral,positive
spacexipo_3,spacexipo,positive,neutral,neutral,neutral,neutral
spacexipo_4,spacexipo,positive,neutral,neutral,neutral,neutral
spacexipo_5,spacexipo,negative,negative,negative,negative,negative
spacexipo_6,spacexipo,negative,neutral,neutral,neutral,neutral
spacexipo_7,spacexipo,positive,positive,positive,positive,positive
spacexipo_8,spacexipo,positive,positive,positive,positive,neutral
spacexipo_9,spacexipo,positive,positive,neutral,negative,neutral
spacexipo_10,spacexipo,negative,negative,negative,negative,negative
spacexipo_11,spacexipo,negative,negative,neutral,neutral,neutral
spacexipo_12,spacexipo,negative,positive,positive,positive,positive
spacexipo_13,spacexipo,neutral,neutral,neutral,positive,positive
spacexipo_15,spacexipo,negative,neutral,neutral,neutral,neutral
spacexipo_16,spacexipo,positive,neutral,neutral,neutral,positive
spacexipo_17,spacexipo,positive,positive,positive,positive,positive
spacexipo_18,spacexipo,positive,positive,positive,positive,positive
spacexipo_19,spacexipo,positive,positive,positive,positive,positive
spacexipo_20,spacexipo,positive,positive,positive,positive,positive
spacexipo_21,spacexipo,negative,negative,negative,negative,negative
spacexipo_22,spacexipo,negative,neutral,neutral,neutral,neutral
spacexipo_24,spacexipo,positive,positive,positive,positive,positive
spacexipo_25,spacexipo,negative,neutral,negative,neutral,neutral
spacexipo_26,spacexipo,positive,positive,positive,positive,positive
spacexipo_27,spacexipo,negative,negative,negative,negative,negative
spacexipo_28,spacexipo,negative,negative,negative,negative,negative
spacexipo_29,spacexipo,negative,negative,negative,negative,negative
spacexipo_30,spacexipo,positive,neutral,neutral,neutral,neutral
spacexipo_32,spacexipo,negative,neutral,neutral,neutral,neutral
spacexipo_35,spacexipo,neutral,neutral,neutral,neutral,neutral
spacexipo_36,spacexipo,positive,positive,positive,positive,positive
spacexipo_37,spacexipo,positive,positive,positive,positive,positive
spacexipo_38,spacexipo,positive,positive,positive,positive,positive
spacexipo_39,spacexipo,positive,positive,positive,positive,positive
spacexipo_40,spacexipo,positive,positive,positive,positive,positive
spacexipo_41,spacexipo,positive,positive,positive,positive,positive
spacexipo_42,spacexipo,positive,positive,positive,positive,positive
spacexipo_43,spacexipo,positive,positive,positive,positive,positive
spacexipo_44,spacexipo,positive,positive,positive,positive,positive
spacexipo_45,spacexipo,positive,positive,positive,positive,positive
spacexipo_46,spacexipo,positive,positive,positive,positive,positive
spacexipo_47,spacexipo,positive,positive,positive,positive,positive
spacexipo_48,spacexipo,positive,positive,positive,positive,positive
spacexipo_49,spacexipo,positive,positive,positive,positive,positive
spacexipo_50,spacexipo,positive,positive,positive,positive,positive
spacexipo_51,spacexipo,positive,positive,positive,positive,positive
spacexipo_52,spacexipo,positive,positive,positive,positive,positive
spacexipo_53,spacexipo,negative,neutral,neutral,neutral,neutral
spacexipo_57,spacexipo,negative,neutral,neutral,neutral,neutral
spacexipo_58,spacexipo,neutral,neutral,neutral,neutral,neutral
spacexipo_59,spacexipo,neutral,neutral,neutral,neutral,neutral
spacexipo_60,spacexipo,neutral,neutral,neutral,neutral,neutral
spacexipo_61,spacexipo,neutral,neutral,neutral,neutral,neutral
spacexipo_62,spacexipo,neutral,neutral,neutral,neutral,positive
spacexipo_63,spacexipo,positive,positive,positive,positive,positive
spacexipo_64,spacexipo,neutral,positive,neutral,neutral,positive
spacexipo_72,spacexipo,neutral,neutral,neutral,neutral,neutral
spacexipo_73,spacexipo,neutral,neutral,neutral,neutral,neutral
spacexipo_74,spacexipo,neutral,neutral,neutral,neutral,neutral
spacexipo_76,spacexipo,negative,negative,negative,negative,negative
spacexipo_77,spacexipo,negative,negative,negative,negative,negative
spacexipo_79,spacexipo,negative,neutral,neutral,neutral,neutral
spacexipo_82,spacexipo,positive,positive,positive,positive,positive
spacexipo_83,spacexipo,negative,neutral,neutral,neutral,neutral
spacexipo_84,spacexipo,negative,neutral,neutral,negative,negative
spacexipo_86,spacexipo,positive,negative,negative,negative,negative
spacexipo_87,spacexipo,positive,positive,positive,positive,positive
spacexipo_89,spacexipo,negative,neutral,neutral,neutral,neutral
spacexipo_91,spacexipo,negative,neutral,neutral,neutral,neutral
spacexipo_92,spacexipo,negative,negative,negative,negative,negative
spacexipo_93,spacexipo,negative,negative,negative,negative,negative
spacexipo_94,spacexipo,negative,neutral,neutral,neutral,neutral
spacexipo_95,spacexipo,neutral,neutral,neutral,neutral,neutral
spacexipo_96,spacexipo,negative,neutral,neutral,neutral,neutral
spacexipo_97,spacexipo,negative,negative,negative,negative,negative
spacexipo_98,spacexipo,negative,neutral,neutral,neutral,neutral
spacexipo_99,spacexipo,positive,neutral,neutral,neutral,neutral
spacexipo_100,spacexipo,neutral,neutral,neutral,neutral,neutral
spacexipo_104,spacexipo,negative,negative,negative,negative,negative
spacexipo_105,spacexipo,negative,negative,negative,negative,negative
spacexipo_106,spacexipo,positive,neutral,neutral,neutral,neutral
spacexipo_107,spacexipo,negative,negative,negative,negative,negative
spacexipo_108,spacexipo,negative,negative,negative,negative,negative
spacexipo_109,spacexipo,negative,negative,negative,negative,negative
spacexipo_110,spacexipo,negative,negative,negative,negative,negative
spacexipo_111,spacexipo,positive,positive,positive,positive,positive
spacexipo_112,spacexipo,positive,positive,positive,positive,positive
spacexipo_113,spacexipo,positive,positive,positive,positive,positive
spacexipo_114,spacexipo,neutral,neutral,neutral,neutral,neutral
spacexipo_121,spacexipo,negative,neutral,neutral,neutral,neutral
spacexipo_122,spacexipo,positive,neutral,neutral,neutral,positive
spacexipo_123,spacexipo,positive,positive,positive,positive,positive
spacexipo_124,spacexipo,positive,positive,positive,positive,positive
spacexipo_128,spacexipo,negative,negative,negative,neutral,neutral
spacexipo_129,spacexipo,negative,negative,negative,neutral,neutral
spacexipo_132,spacexipo,negative,neutral,neutral,neutral,neutral
spacexipo_133,spacexipo,negative,negative,negative,negative,negative
spacexipo_134,spacexipo,negative,neutral,neutral,neutral,neutral
spacexipo_135,spacexipo,positive,positive,positive,positive,positive
spacexipo_136,spacexipo,positive,positive,positive,positive,positive
spacexipo_137,spacexipo,negative,negative,negative,negative,neutral
spacexipo_138,spacexipo,neutral,neutral,neutral,neutral,neutral
spacexipo_139,spacexipo,neutral,neutral,neutral,neutral,neutral
spacexipo_140,spacexipo,positive,positive,positive,positive,positive
spacexipo_141,spacexipo,positive,positive,positive,positive,positive
spacexipo_142,spacexipo,positive,positive,positive,positive,positive
spacexipo_143,spacexipo,negative,neutral,neutral,neutral,neutral
spacexipo_144,spacexipo,negative,neutral,neutral,neutral,neutral
spacexipo_145,spacexipo,negative,neutral,neutral,neutral,neutral
spacexipo_146,spacexipo,negative,neutral,neutral,neutral,neutral
spacexipo_147,spacexipo,neutral,negative,negative,negative,neutral
spacexipo_148,spacexipo,negative,negative,negative,negative,negative
spacexipo_149,spacexipo,neutral,neutral,neutral,negative,neutral
spacexipo_150,spacexipo,negative,negative,negative,negative,negative
spacexipo_152,spacexipo,negative,negative,negative,negative,negative
spacexipo_153,spacexipo,positive,positive,positive,positive,positive
spacexipo_154,spacexipo,neutral,neutral,neutral,neutral,positive
spacexipo_156,spacexipo,positive,neutral,neutral,neutral,neutral
spacexipo_157,spacexipo,negative,neutral,neutral,neutral,neutral
spacexipo_158,spacexipo,negative,neutral,neutral,neutral,neutral
spacexipo_160,spacexipo,negative,negative,negative,negative,negative
spacexipo_161,spacexipo,negative,negative,negative,negative,negative
spacexipo_162,spacexipo,negative,negative,negative,negative,negative
spacexipo_163,spacexipo,negative,negative,negative,negative,negative
spacexipo_164,spacexipo,negative,negative,negative,negative,negative
spacexipo_165,spacexipo,negative,negative,negative,negative,negative
spacexipo_166,spacexipo,negative,negative,negative,negative,negative
spacexipo_167,spacexipo,positive,neutral,neutral,neutral,neutral
spacexipo_168,spacexipo,positive,neutral,positive,positive,positive
spacexipo_171,spacexipo,negative,neutral,neutral,neutral,neutral
spacexipo_177,spacexipo,negative,negative,negative,negative,negative
spacexipo_178,spacexipo,negative,negative,negative,negative,negative
spacexipo_179,spacexipo,neutral,negative,neutral,neutral,neutral
spacexipo_180,spacexipo,neutral,neutral,neutral,neutral,neutral
spacexipo_181,spacexipo,neutral,neutral,neutral,neutral,neutral
spacexipo_183,spacexipo,neutral,neutral,neutral,neutral,neutral
spacexipo_184,spacexipo,negative,negative,negative,negative,negative
spacexipo_185,spacexipo,negative,negative,negative,negative,neutral
spacexipo_188,spacexipo,negative,negative,negative,neutral,neutral
spacexipo_190,spacexipo,negative,negative,negative,negative,neutral
spacexipo_192,spacexipo,negative,neutral,neutral,neutral,neutral
spacexipo_193,spacexipo,neutral,neutral,neutral,neutral,neutral
spacexipo_194,spacexipo,negative,negative,negative,negative,negative
spacexipo_201,spacexipo,negative,neutral,neutral,neutral,neutral
spacexipo_202,spacexipo,neutral,neutral,neutral,neutral,neutral
spacexipo_203,spacexipo,neutral,neutral,neutral,neutral,neutral
spacexipo_209,spacexipo,neutral,neutral,neutral,positive,positive
spacexipo_210,spacexipo,neutral,neutral,neutral,neutral,neutral
spacexipo_211,spacexipo,positive,positive,positive,positive,positive
spacexipo_212,spacexipo,positive,positive,positive,positive,positive
spacexipo_214,spacexipo,negative,neutral,neutral,neutral,neutral
spacexipo_216,spacexipo,neutral,neutral,neutral,negative,neutral
spacexipo_219,spacexipo,negative,negative,negative,negative,negative
spacexipo_220,spacexipo,neutral,neutral,neutral,neutral,neutral
spacexipo_221,spacexipo,positive,neutral,neutral,neutral,neutral
spacexipo_222,spacexipo,positive,positive,positive,positive,positive
spacexipo_224,spacexipo,positive,neutral,neutral,neutral,neutral
spacexipo_225,spacexipo,positive,negative,neutral,neutral,neutral
spacexipo_226,spacexipo,negative,neutral,neutral,neutral,neutral
spacexipo_227,spacexipo,negative,neutral,neutral,neutral,neutral
spacexipo_228,spacexipo,positive,neutral,neutral,neutral,neutral
spacexipo_229,spacexipo,negative,negative,negative,negative,negative
spacexipo_230,spacexipo,negative,neutral,neutral,neutral,neutral
spacexipo_231,spacexipo,negative,negative,negative,negative,neutral
spacexipo_232,spacexipo,negative,negative,negative,negative,negative
spacexipo_233,spacexipo,neutral,neutral,neutral,neutral,neutral
spacexipo_234,spacexipo,neutral,neutral,neutral,neutral,neutral
spacexipo_235,spacexipo,negative,negative,negative,negative,negative
spacexipo_236,spacexipo,neutral,neutral,neutral,neutral,neutral
spacexipo_237,spacexipo,neutral,neutral,neutral,positive,neutral
spacexipo_239,spacexipo,positive,positive,positive,positive,positive
spacexipo_240,spacexipo,negative,neutral,neutral,neutral,neutral
spacexipo_241,spacexipo,negative,negative,negative,negative,negative
spacexipo_243,spacexipo,neutral,neutral,neutral,neutral,neutral
spacexipo_244,spacexipo,neutral,negative,neutral,neutral,neutral
spacexipo_245,spacexipo,positive,neutral,neutral,neutral,neutral
spacexipo_246,spacexipo,negative,negative,negative,negative,negative
spacexipo_247,spacexipo,negative,negative,negative,negative,negative
spacexipo_248,spacexipo,negative,neutral,neutral,neutral,neutral
spacexipo_249,spacexipo,positive,positive,positive,positive,positive
spacexipo_250,spacexipo,positive,positive,positive,positive,positive
spacexipo_251,spacexipo,positive,positive,positive,positive,positive
spacexipo_252,spacexipo,positive,positive,positive,positive,positive
spacexipo_254,spacexipo,negative,negative,negative,negative,negative
spacexipo_257,spacexipo,negative,neutral,neutral,neutral,neutral
spacexipo_258,spacexipo,neutral,neutral,neutral,neutral,neutral
spacexipo_259,spacexipo,neutral,neutral,neutral,neutral,positive
spacexipo_260,spacexipo,positive,neutral,neutral,neutral,neutral
spacexipo_261,spacexipo,positive,positive,positive,positive,positive
spacexipo_262,spacexipo,positive,positive,positive,neutral,positive
spacexipo_268,spacexipo,positive,neutral,neutral,neutral,neutral
spacexipo_270,spacexipo,negative,negative,negative,negative,negative
spacexipo_271,spacexipo,neutral,negative,negative,neutral,neutral
spacexipo_272,spacexipo,neutral,negative,negative,neutral,neutral
spacexipo_276,spacexipo,negative,neutral,neutral,neutral,positive
spacexipo_277,spacexipo,positive,positive,positive,positive,positive
spacexipo_280,spacexipo,positive,neutral,neutral,neutral,neutral
spacexipo_281,spacexipo,positive,positive,positive,positive,positive
spacexipo_285,spacexipo,neutral,positive,neutral,positive,neutral
spacexipo_304,spacexipo,positive,neutral,neutral,neutral,neutral
spacexipo_328,spacexipo,negative,negative,negative,negative,neutral
spacexipo_330,spacexipo,positive,positive,positive,positive,positive
spacexipo_337,spacexipo,positive,positive,positive,positive,positive
spacexipo_339,spacexipo,negative,negative,negative,negative,negative
spacexipo_348,spacexipo,neutral,neutral,neutral,neutral,neutral
spacexipo_349,spacexipo,neutral,neutral,neutral,neutral,neutral
spacexipo_353,spacexipo,negative,negative,negative,negative,negative
spacexipo_354,spacexipo,negative,negative,negative,negative,negative
spacexipo_355,spacexipo,negative,negative,negative,negative,negative
spacexipo_361,spacexipo,negative,negative,negative,negative,negative
spacexipo_362,spacexipo,negative,negative,negative,negative,negative
spacexipo_364,spacexipo,negative,negative,negative,negative,negative
spacexipo_365,spacexipo,negative,negative,negative,negative,negative
spacexipo_370,spacexipo,positive,positive,positive,neutral,positive
spacexipo_374,spacexipo,positive,neutral,neutral,neutral,neutral
spacexipo_375,spacexipo,positive,neutral,neutral,neutral,neutral
spacexipo_376,spacexipo,negative,negative,negative,negative,negative
spacexipo_377,spacexipo,negative,negative,negative,negative,negative
spacexipo_378,spacexipo,negative,negative,negative,negative,neutral
spacexipo_379,spacexipo,negative,negative,negative,negative,negative
spacexipo_380,spacexipo,negative,negative,negative,negative,negative
spacexipo_381,spacexipo,negative,negative,negative,negative,negative
spacexipo_396,spacexipo,positive,neutral,neutral,neutral,neutral
spacexipo_398,spacexipo,negative,negative,negative,negative,negative
spacexipo_400,spacexipo,negative,neutral,negative,neutral,negative
spacexipo_405,spacexipo,negative,negative,negative,negative,negative
spacexipo_406,spacexipo,negative,negative,negative,negative,negative
spacexipo_407,spacexipo,negative,neutral,neutral,neutral,neutral
spacexipo_408,spacexipo,negative,negative,negative,negative,negative
spacexipo_410,spacexipo,negative,negative,negative,negative,negative
spacexipo_411,spacexipo,negative,negative,negative,negative,negative
spacexipo_412,spacexipo,negative,negative,negative,negative,negative
spacexipo_413,spacexipo,negative,negative,negative,negative,negative
spacexipo_414,spacexipo,negative,negative,negative,negative,negative
spacexipo_415,spacexipo,negative,negative,negative,negative,negative
spacexipo_416,spacexipo,negative,negative,negative,negative,negative
spacexipo_417,spacexipo,negative,negative,negative,negative,negative
spacexipo_420,spacexipo,negative,negative,negative,negative,negative
spacexipo_423,spacexipo,positive,positive,positive,positive,positive
spacexipo_424,spacexipo,positive,positive,positive,positive,positive
spacexipo_426,spacexipo,positive,positive,positive,positive,positive
spacexipo_427,spacexipo,negative,negative,negative,negative,negative
spacexipo_429,spacexipo,positive,positive,positive,positive,positive
spacexipo_430,spacexipo,positive,positive,positive,positive,positive
spacexipo_442,spacexipo,negative,negative,negative,negative,negative
spacexipo_443,spacexipo,negative,negative,negative,negative,negative
spacexipo_444,spacexipo,negative,negative,negative,negative,negative
spacexipo_445,spacexipo,negative,negative,negative,negative,negative
spacexipo_446,spacexipo,negative,negative,negative,negative,negative
spacexipo_447,spacexipo,negative,negative,negative,negative,negative
spacexipo_450,spacexipo,positive,positive,positive,positive,positive
spacexipo_451,spacexipo,positive,positive,positive,positive,positive
spacexipo_454,spacexipo,negative,negative,negative,neutral,neutral
spacexipo_455,spacexipo,negative,neutral,neutral,neutral,neutral
spacexipo_456,spacexipo,negative,neutral,neutral,neutral,neutral
spacexipo_457,spacexipo,negative,neutral,neutral,neutral,neutral
spacexipo_458,spacexipo,negative,neutral,neutral,neutral,neutral
spacexipo_461,spacexipo,negative,negative,negative,neutral,negative
spacexipo_463,spacexipo,negative,neutral,neutral,neutral,neutral
spacexipo_464,spacexipo,negative,neutral,neutral,neutral,neutral
spacexipo_465,spacexipo,negative,neutral,neutral,neutral,neutral
spacexipo_469,spacexipo,negative,negative,negative,negative,negative
spacexipo_471,spacexipo,negative,negative,negative,negative,negative
spacexipo_473,spacexipo,negative,negative,negative,neutral,neutral
spacexipo_474,spacexipo,negative,negative,negative,negative,neutral
spacexipo_475,spacexipo,negative,negative,negative,negative,negative
spacexipo_476,spacexipo,negative,negative,negative,negative,negative
spacexipo_477,spacexipo,negative,neutral,negative,negative,neutral
spacexipo_478,spacexipo,negative,negative,neutral,neutral,neutral
spacexipo_483,spacexipo,negative,negative,negative,negative,negative
spacexipo_484,spacexipo,negative,neutral,neutral,neutral,neutral
spacexipo_488,spacexipo,negative,negative,negative,negative,negative
spacexipo_489,spacexipo,negative,negative,negative,negative,negative
spacexipo_490,spacexipo,negative,negative,negative,negative,negative
spacexipo_516,spacexipo,positive,positive,positive,positive,positive
spacexipo_520,spacexipo,positive,positive,positive,positive,positive
spacexipo_524,spacexipo,negative,negative,neutral,neutral,positive
spacexipo_525,spacexipo,negative,negative,negative,neutral,neutral
spacexipo_529,spacexipo,positive,positive,positive,positive,positive
spacexipo_530,spacexipo,negative,negative,negative,negative,negative
spacexipo_533,spacexipo,negative,negative,negative,negative,negative
spacexipo_538,spacexipo,negative,neutral,neutral,neutral,neutral
spacexipo_539,spacexipo,positive,positive,positive,positive,positive
spacexipo_541,spacexipo,negative,negative,negative,negative,negative
spacexipo_542,spacexipo,negative,negative,negative,negative,negative
spacexipo_543,spacexipo,negative,negative,negative,negative,negative
spacexipo_544,spacexipo,positive,positive,positive,positive,positive
spacexipo_559,spacexipo,negative,negative,negative,negative,negative
spacexipo_560,spacexipo,negative,negative,negative,negative,negative
spacexipo_562,spacexipo,neutral,positive,positive,positive,positive
spacexipo_563,spacexipo,positive,positive,positive,positive,positive
spacexipo_564,spacexipo,negative,negative,negative,negative,negative
spacexipo_566,spacexipo,negative,negative,negative,negative,negative
spacexipo_567,spacexipo,negative,negative,negative,negative,negative
spacexipo_571,spacexipo,positive,positive,positive,positive,positive
spacexipo_572,spacexipo,negative,neutral,neutral,neutral,neutral
spacexipo_573,spacexipo,negative,neutral,neutral,neutral,neutral
spacexipo_574,spacexipo,negative,neutral,neutral,neutral,neutral
spacexipo_575,spacexipo,negative,neutral,neutral,neutral,neutral
spacexipo_576,spacexipo,negative,neutral,neutral,neutral,neutral
spacexipo_584,spacexipo,negative,negative,negative,negative,negative
