conv_id,topic,template_id,inferred,meme
nuclear_1,nuclear,3,neutral,neutral
nuclear_4,nuclear,9,positive,positive
nuclear_6,nuclear,0,positive,positive
nuclear_7,nuclear,4,neutral,neutral
nuclear_12,nuclear,0,neutral,neutral
nuclear_13,nuclear,4,negative,neutral
nuclear_14,nuclear,3,neutral,neutral
nuclear_16,nuclear,3,negative,negative
nuclear_24,nuclear,0,neutral,neutral
nuclear_25,nuclear,0,neutral,neutral
nuclear_27,nuclear,3,negative,negative
nuclear_30,nuclear,1,positive,positive
nuclear_31,nuclear,3,positive,positive
nuclear_32,nuclear,1,neutral,positive
nuclear_41,nuclear,3,positive,positive
nuclear_42,nuclear,3,positive,positive
nuclear_44,nuclear,1,neutral,neutral
nuclear_45,nuclear,9,neutral,neutral
nuclear_46,nuclear,0,neutral,neutral
nuclear_47,nuclear,9,neutral,neutral
nuclear_51,nuclear,9,neutral,neutral
nuclear_52,nuclear,1,neutral,neutral
nuclear_53,nuclear,0,positive,neutral
nuclear_55,nuclear,1,negative,negative
nuclear_62,nuclear,4,negative,negative
nuclear_64,nuclear,4,positive,positive
nuclear_65,nuclear,1,positive,positive
nuclear_66,nuclear,9,positive,positive
nuclear_70,nuclear,3,positive,positive
nuclear_71,nuclear,9,neutral,neutral
nuclear_75,nuclear,4,neutral,neutral
nuclear_76,nuclear,0,neutral,neutral
nuclear_80,nuclear,0,negative,negative
nuclear_81,nuclear,9,negative,negative
nuclear_84,nuclear,4,neutral,neutral
nuclear_86,nuclear,0,negative,negative
nuclear_89,nuclear,4,neutral,neutral
nuclear_90,nuclear,3,neutral,neutral
nuclear_93,nuclear,1,negative,negative
nuclear_94,nuclear,0,negative,negative
nuclear_95,nuclear,0,negative,negative
nuclear_97,nuclear,4,neutral,neutral
nuclear_99,nuclear,0,neutral,neutral
nuclear_100,nuclear,1,neutral,neutral
nuclear_102,nuclear,0,neutral,neutral
nuclear_103,nuclear,1,negative,negative
nuclear_104,nuclear,1,negative,negative
nuclear_105,nuclear,1,negative,negative
nuclear_109,nuclear,1,neutral,neutral
nuclear_113,nuclear,0,neutral,neutral
nuclear_114,nuclear,9,neutral,neutral
nuclear_118,nuclear,4,neutral,neutral
nuclear_119,nuclear,1,neutral,neutral
nuclear_120,nuclear,1,negative,negative
nuclear_122,nuclear,4,neutral,neutral
nuclear_124,nuclear,1,neutral,neutral
nuclear_126,nuclear,0,positive,positive
nuclear_127,nuclear,9,positive,positive
nuclear_128,nuclear,4,positive,positive
nuclear_131,nuclear,9,positive,positive
nuclear_132,nuclear,3,positive,positive
nuclear_133,nuclear,9,neutral,neutral
nuclear_142,nuclear,0,neutral,positive
nuclear_146,nuclear,9,neutral,neutral
nuclear_147,nuclear,3,neutral,neutral
nuclear_149,nuclear,3,neutral,neutral
nuclear_150,nuclear,1,neutral,neutral
nuclear_155,nuclear,3,negative,negative
nuclear_158,nuclear,3,neutral,negative
nuclear_159,nuclear,9,neutral,neutral
nuclear_163,nuclear,1,neutral,neutral
nuclear_166,nuclear,9,positive,positive
nuclear_168,nuclear,9,neutral,neutral
nuclear_172,nuclear,9,neutral,positive
nuclear_175,nuclear,9,positive,positive
nuclear_176,nuclear,9,negative,negative
nuclear_182,nuclear,9,positive,positive
nuclear_183,nuclear,4,neutral,neutral
nuclear_188,nuclear,0,positive,positive
nuclear_189,nuclear,3,positive,positive
nuclear_190,nuclear,0,positive,positive
nuclear_191,nuclear,1,positive,positive
nuclear_194,nuclear,1,positive,positive
nuclear_196,nuclear,4,positive,positive
nuclear_199,nuclear,9,positive,positive
nuclear_203,nuclear,1,neutral,neutral
nuclear_204,nuclear,3,negative,negative
nuclear_205,nuclear,3,negative,negative
nuclear_213,nuclear,4,neutral,neutral
nuclear_216,nuclear,1,neutral,neutral
nuclear_218,nuclear,3,neutral,positive
nuclear_220,nuclear,4,neutral,neutral
nuclear_221,nuclear,3,neutral,neutral
nuclear_223,nuclear,9,neutral,neutral
nuclear_225,nuclear,3,neutral,neutral
nuclear_226,nuclear,0,neutral,neutral
nuclear_227,nuclear,0,neutral,neutral
nuclear_228,nuclear,0,neutral,neutral
nuclear_229,nuclear,3,positive,positive
nuclear_230,nuclear,9,negative,negative
nuclear_233,nuclear,1,neutral,neutral
nuclear_235,nuclear,3,neutral,neutral
nuclear_238,nuclear,4,neutral,neutral
nuclear_240,nuclear,3,neutral,neutral
nuclear_241,nuclear,3,negative,negative
nuclear_248,nuclear,1,neutral,neutral
nuclear_250,nuclear,3,neutral,neutral
nuclear_251,nuclear,4,neutral,neutral
nuclear_256,nuclear,1,neutral,neutral
nuclear_264,nuclear,9,neutral,neutral
nuclear_270,nuclear,3,negative,neutral
nuclear_271,nuclear,9,neutral,neutral
nuclear_273,nuclear,9,negative,negative
nuclear_275,nuclear,1,positive,positive
nuclear_278,nuclear,3,negative,negative
nuclear_280,nuclear,1,negative,negative
nuclear_281,nuclear,1,negative,negative
nuclear_282,nuclear,9,neutral,neutral
nuclear_284,nuclear,1,neutral,neutral
nuclear_288,nuclear,9,positive,positive
nuclear_291,nuclear,9,neutral,positive
nuclear_294,nuclear,3,neutral,neutral
nuclear_296,nuclear,3,positive,positive
nuclear_300,nuclear,0,positive,positive
nuclear_302,nuclear,3,neutral,neutral
nuclear_306,nuclear,3,negative,negative
nuclear_313,nuclear,1,negative,negative
nuclear_321,nuclear,1,neutral,neutral
nuclear_330,nuclear,9,positive,positive
nuclear_333,nuclear,0,positive,positive
nuclear_335,nuclear,9,neutral,positive
nuclear_337,nuclear,9,neutral,neutral
nuclear_341,nuclear,4,neutral,neutral
nuclear_342,nuclear,9,neutral,neutral
nuclear_344,nuclear,0,negative,negative
nuclear_346,nuclear,0,negative,negative
nuclear_348,nuclear,4,negative,negative
nuclear_352,nuclear,0,negative,negative
nuclear_354,nuclear,0,negative,negative
nuclear_357,nuclear,4,positive,positive
nuclear_359,nuclear,3,neutral,positive
nuclear_364,nuclear,0,neutral,neutral
nuclear_365,nuclear,3,neutral,neutral
nuclear_367,nuclear,3,positive,positive
nuclear_370,nuclear,3,positive,positive
nuclear_373,nuclear,9,neutral,neutral
nuclear_374,nuclear,0,neutral,neutral
nuclear_375,nuclear,4,positive,positive
nuclear_376,nuclear,9,neutral,neutral
nuclear_385,nuclear,0,negative,negative
nuclear_386,nuclear,3,negative,neutral
nuclear_387,nuclear,3,negative,negative
nuclear_389,nuclear,0,negative,negative
nuclear_391,nuclear,3,negative,negative
nuclear_397,nuclear,3,neutral,neutral
nuclear_398,nuclear,0,negative,negative
nuclear_399,nuclear,1,neutral,neutral
nuclear_401,nuclear,9,negative,negative
nuclear_403,nuclear,4,negative,negative
nuclear_404,nuclear,1,neutral,neutral
nuclear_406,nuclear,3,neutral,neutral
nuclear_410,nuclear,3,positive,positive
nuclear_412,nuclear,0,neutral,neutral
nuclear_419,nuclear,0,negative,negative
nuclear_429,nuclear,4,positive,positive
nuclear_432,nuclear,9,neutral,neutral
nuclear_434,nuclear,0,positive,positive
nuclear_435,nuclear,1,negative,negative
nuclear_438,nuclear,9,negative,negative
nuclear_439,nuclear,9,neutral,neutral
nuclear_440,nuclear,0,neutral,neutral
nuclear_442,nuclear,9,neutral,neutral
nuclear_445,nuclear,3,neutral,neutral
nuclear_446,nuclear,0,negative,neutral
nuclear_447,nuclear,0,negative,negative
nuclear_448,nuclear,0,neutral,neutral
nuclear_449,nuclear,0,neutral,neutral
nuclear_453,nuclear,9,negative,negative
nuclear_455,nuclear,9,positive,positive
nuclear_457,nuclear,4,neutral,neutral
nuclear_459,nuclear,0,negative,negative
nuclear_463,nuclear,4,positive,positive
nuclear_464,nuclear,4,negative,negative
nuclear_467,nuclear,4,neutral,neutral
nuclear_470,nuclear,0,positive,positive
nuclear_471,nuclear,3,positive,positive
nuclear_480,nuclear,4,positive,positive
nuclear_484,nuclear,0,positive,positive
nuclear_486,nuclear,1,positive,positive
nuclear_487,nuclear,3,neutral,neutral
nuclear_489,nuclear,4,positive,positive
nuclear_491,nuclear,3,positive,positive
nuclear_494,nuclear,1,neutral,neutral
nuclear_495,nuclear,9,positive,positive
nuclear_498,nuclear,0,neutral,neutral
nuclear_499,nuclear,3,neutral,neutral
nuclear_502,nuclear,4,positive,positive
nuclear_503,nuclear,3,positive,positive
nuclear_506,nuclear,1,neutral,neutral
nuclear_507,nuclear,3,positive,positive
nuclear_509,nuclear,0,positive,positive
nuclear_510,nuclear,4,positive,positive
nuclear_511,nuclear,9,positive,positive
nuclear_517,nuclear,9,negative,negative
nuclear_521,nuclear,3,negative,negative
nuclear_525,nuclear,3,positive,positive
nuclear_526,nuclear,4,positive,positive
nuclear_527,nuclear,9,positive,positive
nuclear_528,nuclear,0,positive,positive
nuclear_530,nuclear,4,positive,positive
nuclear_532,nuclear,9,positive,positive
nuclear_537,nuclear,0,neutral,positive
nuclear_544,nuclear,3,positive,positive
nuclear_546,nuclear,1,neutral,positive
nuclear_549,nuclear,3,neutral,positive
nuclear_552,nuclear,0,negative,negative
nuclear_555,nuclear,3,neutral,neutral
nuclear_557,nuclear,1,negative,negative
nuclear_558,nuclear,9,neutral,neutral
nuclear_559,nuclear,1,negative,negative
nuclear_560,nuclear,3,negative,negative
nuclear_561,nuclear,0,negative,negative
nuclear_563,nuclear,4,positive,positive
nuclear_565,nuclear,3,neutral,neutral
nuclear_566,nuclear,9,positive,positive
nuclear_569,nuclear,0,neutral,positive
nuclear_571,nuclear,3,neutral,neutral
nuclear_574,nuclear,9,positive,positive
nuclear_575,nuclear,0,negative,negative
nuclear_576,nuclear,1,positive,positive
nuclear_581,nuclear,9,positive,positive
nuclear_583,nuclear,1,positive,positive
nuclear_587,nuclear,9,neutral,neutral
nuclear_588,nuclear,0,neutral,positive
nuclear_589,nuclear,1,neutral,neutral
nuclear_591,nuclear,1,positive,positive
nuclear_595,nuclear,9,positive,positive
nuclear_603,nuclear,0,negative,negative
nuclear_604,nuclear,0,negative,negative
nuclear_608,nuclear,0,neutral,neutral
nuclear_609,nuclear,9,positive,positive
nuclear_610,nuclear,4,neutral,neutral
nuclear_611,nuclear,3,positive,positive
nuclear_612,nuclear,1,positive,positive
nuclear_615,nuclear,1,positive,positive
nuclear_616,nuclear,1,negative,negative
nuclear_618,nuclear,3,positive,positive
nuclear_619,nuclear,1,positive,positive
nuclear_623,nuclear,9,negative,negative
nuclear_625,nuclear,9,neutral,neutral
nuclear_628,nuclear,3,negative,negative
nuclear_629,nuclear,3,neutral,neutral
nuclear_630,nuclear,0,neutral,neutral
nuclear_632,nuclear,1,neutral,neutral
nuclear_633,nuclear,0,neutral,neutral
nuclear_636,nuclear,1,positive,positive
nuclear_637,nuclear,0,neutral,neutral
nuclear_641,nuclear,0,positive,positive
nuclear_643,nuclear,1,neutral,positive
nuclear_647,nuclear,3,positive,positive
nuclear_650,nuclear,0,positive,positive
nuclear_654,nuclear,4,negative,negative
nuclear_658,nuclear,3,negative,negative
nuclear_659,nuclear,1,negative,negative
nuclear_661,nuclear,0,negative,negative
nuclear_664,nuclear,0,negative,negative
nuclear_665,nuclear,3,neutral,neutral
nuclear_666,nuclear,1,negative,negative
nuclear_668,nuclear,1,neutral,neutral
nuclear_677,nuclear,4,positive,positive
nuclear_680,nuclear,0,positive,positive
nuclear_683,nuclear,3,neutral,neutral
nuclear_685,nuclear,1,neutral,neutral
nuclear_690,nuclear,3,positive,positive
nuclear_692,nuclear,3,positive,positive
nuclear_694,nuclear,0,neutral,neutral
nuclear_695,nuclear,3,negative,negative
nuclear_698,nuclear,3,negative,negative
nuclear_700,nuclear,3,positive,positive
nuclear_702,nuclear,9,neutral,positive
nuclear_703,nuclear,0,positive,positive
nuclear_706,nuclear,3,positive,positive
nuclear_710,nuclear,1,neutral,neutral
nuclear_713,nuclear,9,negative,negative
nuclear_714,nuclear,1,negative,negative
nuclear_716,nuclear,4,neutral,neutral
nuclear_717,nuclear,3,positive,positive
nuclear_718,nuclear,3,positive,positive
nuclear_721,nuclear,3,positive,positive
nuclear_724,nuclear,3,positive,positive
nuclear_725,nuclear,3,positive,positive
nuclear_729,nuclear,4,positive,positive
nuclear_730,nuclear,0,neutral,neutral
nuclear_732,nuclear,9,neutral,neutral
nuclear_733,nuclear,1,neutral,neutral
nuclear_734,nuclear,3,positive,positive
keto_2,keto,4,neutral,neutral
keto_5,keto,9,negative,negative
keto_6,keto,4,neutral,neutral
keto_7,keto,9,neutral,neutral
keto_9,keto,4,positive,positive
keto_10,keto,0,neutral,neutral
keto_11,keto,9,neutral,neutral
keto_15,keto,4,neutral,neutral
keto_16,keto,0,neutral,neutral
keto_18,keto,3,negative,negative
keto_19,keto,4,negative,negative
keto_20,keto,0,negative,negative
keto_22,keto,9,neutral,neutral
keto_24,keto,9,negative,negative
keto_26,keto,1,negative,negative
keto_27,keto,1,negative,negative
keto_28,keto,0,neutral,neutral
keto_30,keto,3,neutral,neutral
keto_31,keto,3,negative,negative
keto_32,keto,9,negative,negative
keto_33,keto,3,neutral,neutral
keto_34,keto,0,neutral,neutral
keto_36,keto,1,positive,positive
keto_43,keto,4,positive,positive
keto_46,keto,3,neutral,neutral
keto_48,keto,9,negative,negative
keto_52,keto,3,positive,positive
keto_54,keto,1,negative,neutral
keto_55,keto,3,positive,positive
keto_56,keto,3,neutral,neutral
keto_60,keto,1,neutral,neutral
keto_64,keto,0,positive,positive
keto_65,keto,3,positive,positive
keto_68,keto,4,positive,positive
keto_70,keto,1,positive,positive
keto_71,keto,1,positive,positive
keto_73,keto,0,neutral,neutral
keto_78,keto,4,neutral,negative
keto_79,keto,0,neutral,positive
keto_81,keto,3,positive,positive
keto_83,keto,9,positive,positive
keto_84,keto,4,neutral,neutral
keto_86,keto,0,neutral,neutral
keto_87,keto,0,neutral,neutral
keto_89,keto,9,neutral,neutral
keto_90,keto,4,neutral,neutral
keto_95,keto,9,neutral,neutral
keto_97,keto,1,neutral,neutral
keto_99,keto,1,neutral,neutral
keto_100,keto,3,neutral,neutral
keto_103,keto,1,neutral,neutral
keto_105,keto,9,neutral,neutral
keto_106,keto,4,neutral,neutral
keto_107,keto,9,neutral,neutral
keto_108,keto,4,neutral,neutral
keto_110,keto,9,neutral,neutral
keto_111,keto,0,neutral,neutral
keto_112,keto,0,neutral,neutral
keto_113,keto,9,neutral,neutral
keto_114,keto,3,neutral,neutral
keto_115,keto,3,neutral,neutral
keto_117,keto,0,neutral,positive
keto_118,keto,4,positive,positive
keto_119,keto,4,neutral,neutral
keto_120,keto,9,neutral,neutral
keto_122,keto,9,neutral,neutral
keto_123,keto,9,neutral,neutral
keto_124,keto,9,neutral,neutral
keto_125,keto,0,negative,negative
keto_126,keto,1,negative,negative
keto_127,keto,0,negative,negative
keto_130,keto,1,neutral,neutral
keto_131,keto,3,neutral,neutral
keto_132,keto,4,neutral,neutral
keto_133,keto,4,neutral,neutral
keto_134,keto,1,neutral,neutral
keto_135,keto,9,neutral,neutral
keto_136,keto,9,neutral,neutral
keto_137,keto,0,positive,positive
keto_138,keto,9,neutral,neutral
keto_139,keto,9,positive,positive
keto_141,keto,9,positive,positive
keto_143,keto,3,negative,negative
keto_145,keto,9,negative,negative
keto_146,keto,1,negative,negative
keto_147,keto,1,negative,negative
keto_148,keto,0,negative,negative
keto_151,keto,9,negative,negative
keto_153,keto,3,neutral,neutral
keto_155,keto,1,neutral,neutral
keto_156,keto,9,neutral,neutral
keto_157,keto,0,positive,positive
keto_158,keto,4,neutral,neutral
keto_161,keto,1,neutral,positive
keto_163,keto,4,negative,negative
keto_164,keto,1,negative,negative
keto_166,keto,9,negative,negative
keto_167,keto,4,negative,negative
keto_168,keto,4,neutral,positive
keto_169,keto,9,neutral,neutral
keto_170,keto,0,negative,neutral
keto_173,keto,0,positive,positive
keto_175,keto,0,positive,positive
keto_176,keto,4,positive,positive
keto_179,keto,1,positive,positive
keto_180,keto,0,positive,positive
keto_181,keto,4,positive,positive
keto_182,keto,9,negative,negative
keto_183,keto,9,neutral,negative
keto_185,keto,1,neutral,positive
keto_187,keto,3,neutral,neutral
keto_189,keto,4,neutral,neutral
keto_191,keto,4,neutral,neutral
keto_194,keto,9,neutral,neutral
keto_198,keto,4,neutral,neutral
keto_199,keto,4,neutral,neutral
keto_200,keto,1,neutral,neutral
keto_201,keto,1,positive,positive
keto_202,keto,3,neutral,neutral
keto_204,keto,0,neutral,neutral
keto_205,keto,1,neutral,neutral
keto_206,keto,0,neutral,neutral
keto_216,keto,4,negative,negative
keto_217,keto,4,negative,negative
keto_218,keto,9,negative,negative
keto_219,keto,4,negative,negative
keto_220,keto,1,negative,negative
keto_221,keto,4,neutral,neutral
keto_222,keto,0,neutral,neutral
keto_223,keto,4,neutral,neutral
keto_224,keto,0,neutral,neutral
keto_226,keto,1,neutral,neutral
keto_227,keto,0,neutral,neutral
keto_230,keto,3,neutral,neutral
keto_231,keto,3,neutral,neutral
keto_232,keto,9,neutral,neutral
keto_234,keto,3,neutral,neutral
keto_236,keto,3,neutral,neutral
keto_239,keto,9,positive,positive
keto_240,keto,1,positive,positive
keto_243,keto,1,neutral,neutral
keto_245,keto,9,neutral,neutral
keto_250,keto,3,neutral,neutral
keto_251,keto,9,positive,positive
keto_252,keto,1,positive,positive
keto_254,keto,9,neutral,negative
keto_255,keto,1,neutral,neutral
keto_257,keto,0,neutral,neutral
keto_260,keto,3,positive,positive
keto_261,keto,9,positive,negative
keto_264,keto,3,neutral,neutral
keto_265,keto,9,negative,neutral
keto_266,keto,3,positive,positive
keto_267,keto,4,neutral,positive
keto_272,keto,9,positive,positive
keto_273,keto,0,neutral,neutral
keto_274,keto,0,negative,negative
keto_275,keto,0,neutral,neutral
keto_277,keto,0,positive,positive
keto_278,keto,1,neutral,neutral
keto_279,keto,9,positive,positive
keto_281,keto,0,neutral,neutral
keto_282,keto,1,positive,positive
keto_285,keto,4,negative,neutral
keto_287,keto,0,neutral,neutral
keto_288,keto,1,neutral,neutral
keto_289,keto,9,positive,positive
keto_290,keto,3,positive,positive
keto_291,keto,0,negative,negative
keto_292,keto,1,negative,negative
keto_293,keto,3,negative,negative
keto_295,keto,9,neutral,neutral
keto_296,keto,3,neutral,neutral
keto_298,keto,3,positive,positive
keto_299,keto,9,neutral,neutral
keto_300,keto,4,neutral,neutral
keto_301,keto,3,neutral,neutral
keto_302,keto,9,neutral,positive
keto_303,keto,1,negative,negative
keto_307,keto,1,neutral,neutral
keto_311,keto,3,negative,negative
keto_318,keto,4,negative,negative
keto_320,keto,4,positive,positive
keto_321,keto,9,positive,positive
keto_323,keto,0,positive,positive
keto_325,keto,0,positive,positive
keto_326,keto,3,positive,positive
keto_327,keto,4,positive,positive
keto_328,keto,4,positive,positive
keto_329,keto,9,positive,positive
keto_330,keto,3,positive,positive
keto_331,keto,0,positive,positive
keto_334,keto,9,positive,positive
keto_335,keto,4,positive,positive
keto_336,keto,4,positive,positive
keto_337,keto,1,positive,positive
keto_340,keto,0,positive,positive
keto_343,keto,0,positive,positive
keto_344,keto,9,positive,positive
keto_345,keto,1,positive,positive
keto_346,keto,0,positive,positive
keto_347,keto,1,positive,positive
keto_348,keto,3,positive,positive
keto_349,keto,9,positive,positive
keto_350,keto,3,positive,positive
keto_351,keto,3,positive,positive
keto_352,keto,9,positive,positive
keto_354,keto,0,positive,positive
keto_355,keto,1,positive,positive
keto_356,keto,4,positive,positive
keto_357,keto,3,positive,positive
keto_358,keto,1,positive,positive
keto_359,keto,3,positive,positive
keto_360,keto,9,positive,positive
keto_361,keto,1,positive,positive
keto_363,keto,4,positive,positive
keto_366,keto,4,positive,positive
keto_367,keto,9,positive,positive
keto_368,keto,1,positive,positive
keto_369,keto,4,positive,positive
keto_370,keto,9,neutral,neutral
keto_371,keto,9,positive,positive
keto_373,keto,1,positive,positive
keto_374,keto,1,positive,positive
keto_376,keto,9,neutral,neutral
keto_377,keto,1,neutral,positive
keto_379,keto,4,neutral,neutral
keto_380,keto,0,neutral,neutral
keto_381,keto,0,positive,positive
keto_382,keto,0,neutral,neutral
keto_383,keto,9,neutral,neutral
keto_385,keto,9,neutral,neutral
keto_386,keto,1,neutral,positive
keto_387,keto,4,neutral,neutral
keto_388,keto,9,neutral,neutral
keto_391,keto,0,neutral,neutral
keto_393,keto,1,neutral,neutral
keto_394,keto,3,neutral,neutral
keto_395,keto,4,positive,positive
keto_396,keto,9,neutral,neutral
keto_397,keto,3,positive,positive
keto_399,keto,3,positive,positive
keto_400,keto,0,positive,positive
keto_401,keto,1,positive,positive
keto_405,keto,0,neutral,neutral
keto_406,keto,1,neutral,neutral
keto_407,keto,4,neutral,neutral
keto_408,keto,3,neutral,positive
keto_410,keto,0,neutral,neutral
keto_412,keto,0,negative,negative
keto_414,keto,1,positive,positive
keto_415,keto,0,neutral,positive
keto_418,keto,9,neutral,neutral
keto_419,keto,9,neutral,neutral
keto_420,keto,1,neutral,neutral
keto_421,keto,4,neutral,neutral
keto_422,keto,9,neutral,neutral
keto_423,keto,3,neutral,neutral
keto_424,keto,3,neutral,neutral
keto_425,keto,3,neutral,neutral
keto_426,keto,3,positive,positive
keto_429,keto,1,neutral,neutral
keto_431,keto,0,neutral,positive
keto_434,keto,1,neutral,positive
keto_435,keto,3,positive,positive
keto_438,keto,1,neutral,positive
keto_439,keto,9,neutral,positive
keto_440,keto,4,neutral,positive
keto_441,keto,1,neutral,positive
keto_446,keto,9,neutral,neutral
keto_447,keto,3,neutral,neutral
keto_448,keto,4,neutral,neutral
keto_452,keto,3,neutral,neutral
keto_453,keto,9,neutral,neutral
keto_455,keto,4,neutral,neutral
keto_458,keto,0,neutral,neutral
keto_459,keto,4,neutral,neutral
keto_460,keto,1,neutral,neutral
keto_461,keto,9,neutral,neutral
keto_463,keto,1,neutral,neutral
keto_464,keto,4,neutral,neutral
keto_467,keto,3,neutral,neutral
keto_468,keto,1,neutral,neutral
keto_471,keto,9,positive,positive
keto_472,keto,1,positive,positive
keto_473,keto,3,neutral,positive
keto_474,keto,1,positive,positive
keto_475,keto,1,positive,positive
keto_479,keto,3,positive,positive
keto_481,keto,1,neutral,neutral
keto_482,keto,1,positive,positive
keto_487,keto,9,neutral,neutral
keto_490,keto,1,neutral,neutral
keto_491,keto,1,neutral,neutral
keto_492,keto,4,neutral,neutral
keto_494,keto,3,neutral,neutral
keto_495,keto,9,neutral,neutral
keto_499,keto,9,neutral,positive
keto_500,keto,9,neutral,negative
keto_501,keto,9,neutral,neutral
ubi_0,ubi,0,positive,positive
ubi_1,ubi,0,positive,positive
ubi_3,ubi,1,positive,positive
ubi_5,ubi,3,positive,positive
ubi_6,ubi,1,neutral,neutral
ubi_7,ubi,9,neutral,neutral
ubi_8,ubi,0,positive,positive
ubi_9,ubi,1,positive,positive
ubi_10,ubi,1,negative,negative
ubi_11,ubi,4,negative,negative
ubi_12,ubi,9,negative,negative
ubi_15,ubi,1,positive,positive
ubi_16,ubi,1,positive,positive
ubi_18,ubi,1,negative,negative
ubi_20,ubi,0,positive,positive
ubi_21,ubi,1,neutral,positive
ubi_22,ubi,4,neutral,neutral
ubi_24,ubi,1,neutral,neutral
ubi_25,ubi,9,positive,positive
ubi_27,ubi,0,neutral,neutral
ubi_28,ubi,0,neutral,neutral
ubi_29,ubi,0,neutral,neutral
ubi_30,ubi,9,neutral,neutral
ubi_32,ubi,9,positive,positive
ubi_35,ubi,0,positive,positive
ubi_37,ubi,4,positive,positive
ubi_39,ubi,4,positive,neutral
ubi_40,ubi,9,negative,negative
ubi_43,ubi,4,positive,positive
ubi_45,ubi,1,positive,positive
ubi_46,ubi,0,neutral,neutral
ubi_47,ubi,0,neutral,neutral
ubi_48,ubi,3,neutral,neutral
ubi_50,ubi,3,positive,positive
ubi_51,ubi,1,neutral,neutral
ubi_52,ubi,9,neutral,neutral
ubi_54,ubi,0,neutral,neutral
ubi_55,ubi,0,neutral,neutral
ubi_56,ubi,0,positive,positive
ubi_57,ubi,1,neutral,positive
ubi_58,ubi,1,neutral,negative
ubi_60,ubi,1,positive,positive
ubi_61,ubi,9,neutral,neutral
ubi_62,ubi,3,neutral,neutral
ubi_64,ubi,9,positive,positive
ubi_65,ubi,0,neutral,neutral
ubi_68,ubi,4,positive,positive
ubi_69,ubi,4,positive,positive
ubi_70,ubi,1,positive,positive
ubi_71,ubi,9,positive,positive
ubi_72,ubi,9,positive,positive
ubi_74,ubi,0,positive,positive
ubi_75,ubi,3,positive,positive
ubi_78,ubi,9,positive,positive
ubi_80,ubi,1,neutral,neutral
ubi_81,ubi,9,negative,negative
ubi_82,ubi,4,neutral,positive
ubi_83,ubi,0,neutral,neutral
ubi_84,ubi,1,positive,positive
ubi_85,ubi,3,neutral,neutral
ubi_87,ubi,3,neutral,neutral
ubi_89,ubi,9,negative,negative
ubi_90,ubi,1,positive,positive
ubi_91,ubi,4,neutral,positive
ubi_92,ubi,4,neutral,neutral
ubi_93,ubi,9,negative,negative
ubi_94,ubi,9,negative,negative
ubi_97,ubi,1,positive,positive
ubi_98,ubi,0,positive,positive
ubi_100,ubi,1,positive,positive
ubi_101,ubi,9,positive,positive
ubi_102,ubi,3,positive,positive
ubi_103,ubi,3,neutral,neutral
ubi_105,ubi,1,neutral,neutral
ubi_106,ubi,1,neutral,neutral
ubi_107,ubi,4,positive,positive
ubi_108,ubi,0,neutral,neutral
ubi_112,ubi,0,neutral,neutral
ubi_113,ubi,1,negative,negative
ubi_114,ubi,3,positive,positive
ubi_115,ubi,1,positive,positive
ubi_116,ubi,4,positive,positive
ubi_117,ubi,3,positive,positive
ubi_119,ubi,4,neutral,positive
ubi_121,ubi,1,neutral,neutral
ubi_122,ubi,4,neutral,neutral
ubi_123,ubi,3,neutral,neutral
ubi_124,ubi,9,neutral,neutral
ubi_125,ubi,4,neutral,neutral
ubi_126,ubi,3,neutral,neutral
ubi_128,ubi,1,neutral,neutral
ubi_129,ubi,3,neutral,neutral
ubi_130,ubi,1,neutral,neutral
ubi_131,ubi,4,neutral,neutral
ubi_132,ubi,4,negative,negative
ubi_134,ubi,1,negative,negative
ubi_135,ubi,3,negative,negative
ubi_136,ubi,0,neutral,neutral
ubi_140,ubi,0,neutral,neutral
ubi_141,ubi,3,positive,positive
ubi_143,ubi,1,neutral,neutral
ubi_145,ubi,0,positive,positive
ubi_146,ubi,9,negative,negative
ubi_147,ubi,4,negative,negative
ubi_148,ubi,1,negative,negative
ubi_149,ubi,0,positive,positive
ubi_150,ubi,0,positive,positive
ubi_151,ubi,1,positive,positive
ubi_152,ubi,4,positive,positive
ubi_154,ubi,4,neutral,neutral
ubi_156,ubi,4,positive,positive
ubi_157,ubi,0,neutral,neutral
ubi_159,ubi,3,neutral,neutral
ubi_160,ubi,1,positive,positive
ubi_161,ubi,3,positive,positive
ubi_162,ubi,9,negative,negative
ubi_163,ubi,4,positive,positive
ubi_164,ubi,0,neutral,neutral
ubi_165,ubi,3,positive,neutral
ubi_166,ubi,3,positive,positive
ubi_167,ubi,9,positive,positive
ubi_168,ubi,1,positive,positive
ubi_169,ubi,3,positive,positive
ubi_170,ubi,9,positive,positive
ubi_171,ubi,1,neutral,neutral
ubi_173,ubi,9,neutral,neutral
ubi_174,ubi,3,positive,positive
ubi_175,ubi,9,neutral,neutral
ubi_176,ubi,9,neutral,neutral
ubi_177,ubi,3,neutral,neutral
ubi_179,ubi,3,negative,negative
ubi_180,ubi,1,negative,negative
ubi_181,ubi,3,negative,negative
ubi_182,ubi,3,negative,negative
ubi_183,ubi,3,negative,negative
ubi_184,ubi,0,negative,negative
ubi_185,ubi,0,neutral,neutral
ubi_186,ubi,0,negative,negative
ubi_187,ubi,9,negative,negative
ubi_188,ubi,0,positive,positive
ubi_190,ubi,9,positive,positive
ubi_191,ubi,4,positive,positive
ubi_194,ubi,1,neutral,neutral
ubi_195,ubi,9,neutral,neutral
ubi_197,ubi,0,neutral,neutral
ubi_198,ubi,9,neutral,neutral
ubi_200,ubi,9,neutral,positive
ubi_201,ubi,1,neutral,neutral
ubi_204,ubi,4,negative,negative
ubi_206,ubi,1,positive,positive
ubi_207,ubi,9,neutral,neutral
ubi_209,ubi,3,positive,positive
ubi_211,ubi,9,neutral,neutral
ubi_212,ubi,9,neutral,neutral
ubi_214,ubi,4,positive,positive
ubi_215,ubi,3,positive,positive
ubi_216,ubi,0,positive,positive
ubi_217,ubi,0,positive,positive
ubi_218,ubi,1,neutral,neutral
ubi_219,ubi,9,positive,positive
ubi_220,ubi,0,neutral,neutral
ubi_221,ubi,4,neutral,positive
ubi_222,ubi,9,neutral,neutral
ubi_224,ubi,3,positive,positive
ubi_227,ubi,4,positive,positive
ubi_229,ubi,1,positive,positive
ubi_230,ubi,4,positive,positive
ubi_231,ubi,9,positive,positive
ubi_232,ubi,3,positive,positive
ubi_233,ubi,1,positive,positive
ubi_235,ubi,1,neutral,positive
ubi_236,ubi,4,neutral,neutral
ubi_237,ubi,9,negative,neutral
ubi_239,ubi,9,positive,positive
ubi_241,ubi,9,neutral,positive
ubi_242,ubi,9,positive,neutral
ubi_243,ubi,1,neutral,neutral
ubi_246,ubi,3,negative,negative
ubi_248,ubi,0,negative,negative
ubi_249,ubi,1,negative,negative
ubi_250,ubi,0,negative,negative
ubi_251,ubi,1,negative,negative
ubi_252,ubi,1,negative,negative
ubi_253,ubi,0,negative,negative
ubi_254,ubi,3,negative,negative
ubi_255,ubi,3,negative,negative
ubi_256,ubi,1,negative,negative
ubi_257,ubi,3,negative,negative
ubi_258,ubi,3,negative,negative
ubi_259,ubi,3,negative,negative
ubi_260,ubi,0,negative,negative
ubi_262,ubi,9,negative,negative
ubi_263,ubi,4,negative,negative
ubi_264,ubi,0,negative,negative
ubi_265,ubi,4,negative,negative
ubi_266,ubi,4,negative,negative
ubi_268,ubi,1,negative,negative
ubi_270,ubi,1,negative,negative
ubi_271,ubi,0,negative,negative
ubi_272,ubi,4,negative,negative
ubi_273,ubi,4,neutral,positive
ubi_274,ubi,3,positive,positive
ubi_275,ubi,4,neutral,neutral
ubi_276,ubi,4,positive,positive
ubi_277,ubi,9,neutral,neutral
ubi_279,ubi,0,negative,negative
ubi_280,ubi,0,negative,negative
ubi_281,ubi,3,negative,negative
ubi_283,ubi,1,negative,negative
ubi_284,ubi,9,negative,negative
ubi_285,ubi,0,positive,positive
ubi_287,ubi,4,positive,positive
ubi_289,ubi,4,positive,positive
ubi_290,ubi,3,positive,positive
ubi_291,ubi,4,positive,positive
ubi_292,ubi,1,positive,positive
ubi_293,ubi,0,positive,positive
ubi_296,ubi,0,positive,positive
ubi_297,ubi,4,neutral,neutral
ubi_299,ubi,0,positive,positive
ubi_300,ubi,0,positive,positive
ubi_302,ubi,0,neutral,neutral
ubi_305,ubi,3,positive,positive
ubi_306,ubi,1,neutral,neutral
ubi_319,ubi,0,positive,positive
ubi_327,ubi,0,positive,positive
ubi_328,ubi,0,neutral,positive
ubi_334,ubi,3,positive,positive
ubi_341,ubi,0,negative,negative
ubi_343,ubi,3,neutral,neutral
ubi_344,ubi,4,neutral,neutral
ubi_348,ubi,9,neutral,neutral
ubi_361,ubi,9,neutral,neutral
ubi_362,ubi,9,positive,neutral
ubi_366,ubi,1,neutral,neutral
ubi_368,ubi,1,positive,positive
ubi_375,ubi,4,negative,negative
ubi_380,ubi,1,negative,negative
ubi_397,ubi,0,neutral,positive
ubi_406,ubi,9,negative,negative
ubi_407,ubi,0,negative,negative
ubi_410,ubi,3,negative,negative
ubi_413,ubi,3,neutral,positive
ubi_414,ubi,1,positive,positive
ubi_421,ubi,9,positive,positive
ubi_423,ubi,0,negative,negative
ubi_424,ubi,4,positive,positive
ubi_437,ubi,4,neutral,neutral
ubi_438,ubi,9,neutral,neutral
ubi_439,ubi,3,negative,negative
ubi_441,ubi,3,neutral,positive
ubi_444,ubi,1,positive,positive
ubi_445,ubi,3,neutral,neutral
ubi_449,ubi,1,positive,positive
ubi_455,ubi,9,negative,neutral
ubi_457,ubi,3,positive,positive
ubi_459,ubi,3,neutral,neutral
ubi_465,ubi,9,negative,negative
ubi_466,ubi,4,negative,negative
ubi_470,ubi,4,positive,positive
ubi_473,ubi,9,positive,positive
ubi_474,ubi,9,positive,positive
ubi_487,ubi,1,positive,positive
ubi_488,ubi,0,positive,positive
ubi_491,ubi,3,negative,negative
ubi_498,ubi,1,positive,positive
ubi_499,ubi,0,positive,positive
ubi_527,ubi,9,negative,negative
ubi_540,ubi,9,neutral,neutral
ubi_546,ubi,1,positive,positive
ubi_548,ubi,3,negative,negative
ubi_559,ubi,1,negative,negative
ubi_566,ubi,0,negative,negative
ubi_567,ubi,4,positive,positive
ubi_568,ubi,9,positive,positive
ubi_572,ubi,0,negative,negative
ubi_574,ubi,9,negative,negative
ubi_578,ubi,9,positive,positive
ubi_579,ubi,4,neutral,neutral
ubi_581,ubi,4,negative,negative
ubi_584,ubi,9,neutral,neutral
ubi_590,ubi,3,positive,positive
ubi_595,ubi,3,positive,positive
ubi_596,ubi,0,positive,positive
ubi_598,ubi,9,neutral,neutral
ubi_601,ubi,4,positive,positive
ubi_602,ubi,0,positive,neutral
ubi_605,ubi,1,positive,positive
ubi_606,ubi,1,positive,positive
ubi_608,ubi,3,neutral,neutral
ubi_613,ubi,4,negative,neutral
ubi_614,ubi,9,positive,positive
ubi_640,ubi,4,negative,negative
ubi_644,ubi,4,neutral,positive
ubi_646,ubi,0,positive,positive
ubi_647,ubi,0,positive,positive
spacexipo_0,spacexipo,9,neutral,neutral
spacexipo_3,spacexipo,4,neutral,neutral
spacexipo_4,spacexipo,0,neutral,neutral
spacexipo_5,spacexipo,0,negative,negative
spacexipo_6,spacexipo,3,neutral,negative
spacexipo_7,spacexipo,0,positive,positive
spacexipo_8,spacexipo,1,positive,positive
spacexipo_9,spacexipo,4,positive,neutral
spacexipo_10,spacexipo,3,negative,negative
spacexipo_11,spacexipo,1,negative,neutral
spacexipo_12,spacexipo,0,positive,positive
spacexipo_13,spacexipo,9,neutral,positive
spacexipo_15,spacexipo,0,neutral,neutral
spacexipo_16,spacexipo,3,neutral,positive
spacexipo_17,spacexipo,0,positive,positive
spacexipo_18,spacexipo,3,positive,positive
spacexipo_19,spacexipo,9,positive,positive
spacexipo_20,spacexipo,0,positive,positive
spacexipo_21,spacexipo,1,negative,negative
spacexipo_22,spacexipo,9,neutral,negative
spacexipo_24,spacexipo,4,positive,positive
spacexipo_25,spacexipo,1,neutral,neutral
spacexipo_26,spacexipo,4,positive,positive
spacexipo_27,spacexipo,4,negative,negative
spacexipo_28,spacexipo,1,negative,negative
spacexipo_29,spacexipo,1,negative,negative
spacexipo_30,spacexipo,4,neutral,positive
spacexipo_32,spacexipo,1,neutral,neutral
spacexipo_35,spacexipo,3,neutral,neutral
spacexipo_36,spacexipo,4,positive,positive
spacexipo_37,spacexipo,9,positive,positive
spacexipo_38,spacexipo,4,positive,positive
spacexipo_39,spacexipo,9,positive,positive
spacexipo_40,spacexipo,3,positive,positive
spacexipo_41,spacexipo,1,positive,positive
spacexipo_42,spacexipo,9,positive,positive
spacexipo_43,spacexipo,9,positive,positive
spacexipo_44,spacexipo,0,positive,positive
spacexipo_45,spacexipo,3,positive,positive
spacexipo_46,spacexipo,1,positive,positive
spacexipo_47,spacexipo,9,positive,positive
spacexipo_48,spacexipo,1,positive,positive
spacexipo_49,spacexipo,0,positive,positive
spacexipo_50,spacexipo,3,positive,positive
spacexipo_51,spacexipo,0,positive,positive
spacexipo_52,spacexipo,1,positive,positive
spacexipo_53,spacexipo,9,neutral,neutral
spacexipo_57,spacexipo,0,neutral,neutral
spacexipo_58,spacexipo,0,neutral,neutral
spacexipo_59,spacexipo,4,neutral,neutral
spacexipo_60,spacexipo,0,neutral,neutral
spacexipo_61,spacexipo,1,neutral,neutral
spacexipo_62,spacexipo,9,neutral,positive
spacexipo_63,spacexipo,1,positive,positive
spacexipo_64,spacexipo,3,positive,positive
spacexipo_72,spacexipo,4,neutral,neutral
spacexipo_73,spacexipo,3,neutral,neutral
spacexipo_74,spacexipo,0,neutral,neutral
spacexipo_76,spacexipo,4,negative,negative
spacexipo_77,spacexipo,4,negative,negative
spacexipo_79,spacexipo,0,neutral,neutral
spacexipo_82,spacexipo,4,positive,positive
spacexipo_83,spacexipo,3,neutral,negative
spacexipo_84,spacexipo,1,neutral,neutral
spacexipo_86,spacexipo,3,negative,negative
spacexipo_87,spacexipo,1,positive,positive
spacexipo_89,spacexipo,4,neutral,neutral
spacexipo_91,spacexipo,1,neutral,neutral
spacexipo_92,spacexipo,3,negative,negative
spacexipo_93,spacexipo,1,negative,negative
spacexipo_94,spacexipo,0,neutral,positive
spacexipo_95,spacexipo,4,neutral,neutral
spacexipo_96,spacexipo,3,neutral,neutral
spacexipo_97,spacexipo,9,negative,negative
spacexipo_98,spacexipo,4,neutral,neutral
spacexipo_99,spacexipo,1,neutral,neutral
spacexipo_100,spacexipo,0,neutral,neutral
spacexipo_104,spacexipo,0,negative,negative
spacexipo_105,spacexipo,0,negative,negative
spacexipo_106,spacexipo,0,neutral,neutral
spacexipo_107,spacexipo,0,negative,negative
spacexipo_108,spacexipo,4,negative,negative
spacexipo_109,spacexipo,4,negative,negative
spacexipo_110,spacexipo,9,negative,negative
spacexipo_111,spacexipo,9,positive,positive
spacexipo_112,spacexipo,1,positive,positive
spacexipo_113,spacexipo,9,positive,positive
spacexipo_114,spacexipo,4,neutral,neutral
spacexipo_121,spacexipo,9,neutral,neutral
spacexipo_122,spacexipo,1,neutral,positive
spacexipo_123,spacexipo,0,positive,positive
spacexipo_124,spacexipo,4,positive,positive
spacexipo_128,spacexipo,9,negative,negative
spacexipo_129,spacexipo,1,negative,negative
spacexipo_132,spacexipo,4,neutral,positive
spacexipo_133,spacexipo,9,negative,negative
spacexipo_134,spacexipo,4,neutral,neutral
spacexipo_135,spacexipo,4,positive,positive
spacexipo_136,spacexipo,0,positive,positive
spacexipo_137,spacexipo,0,negative,negative
spacexipo_138,spacexipo,3,neutral,neutral
spacexipo_139,spacexipo,4,neutral,neutral
spacexipo_140,spacexipo,0,positive,positive
spacexipo_141,spacexipo,3,positive,positive
spacexipo_142,spacexipo,1,positive,positive
spacexipo_143,spacexipo,1,neutral,neutral
spacexipo_144,spacexipo,3,neutral,neutral
spacexipo_145,spacexipo,4,neutral,neutral
spacexipo_146,spacexipo,9,neutral,neutral
spacexipo_147,spacexipo,9,negative,negative
spacexipo_148,spacexipo,4,negative,negative
spacexipo_149,spacexipo,1,neutral,neutral
spacexipo_150,spacexipo,1,negative,negative
spacexipo_152,spacexipo,4,negative,negative
spacexipo_153,spacexipo,9,positive,positive
spacexipo_154,spacexipo,3,neutral,positive
spacexipo_156,spacexipo,0,neutral,neutral
spacexipo_157,spacexipo,9,neutral,neutral
spacexipo_158,spacexipo,3,neutral,neutral
spacexipo_160,spacexipo,1,negative,negative
spacexipo_161,spacexipo,4,negative,negative
spacexipo_162,spacexipo,4,negative,negative
spacexipo_163,spacexipo,0,negative,negative
spacexipo_164,spacexipo,4,negative,negative
spacexipo_165,spacexipo,0,negative,negative
spacexipo_166,spacexipo,0,negative,negative
spacexipo_167,spacexipo,4,neutral,neutral
spacexipo_168,spacexipo,4,neutral,positive
spacexipo_171,spacexipo,0,neutral,neutral
spacexipo_177,spacexipo,9,negative,negative
spacexipo_178,spacexipo,4,negative,negative
spacexipo_179,spacexipo,4,negative,neutral
spacexipo_180,spacexipo,9,neutral,neutral
spacexipo_181,spacexipo,9,neutral,neutral
spacexipo_183,spacexipo,4,neutral,neutral
spacexipo_184,spacexipo,1,negative,negative
spacexipo_185,spacexipo,3,negative,negative
spacexipo_188,spacexipo,3,negative,neutral
spacexipo_190,spacexipo,0,negative,neutral
spacexipo_192,spacexipo,3,neutral,neutral
spacexipo_193,spacexipo,1,neutral,neutral
spacexipo_194,spacexipo,0,negative,negative
spacexipo_201,spacexipo,4,neutral,neutral
spacexipo_202,spacexipo,9,neutral,neutral
spacexipo_203,spacexipo,9,neutral,neutral
spacexipo_209,spacexipo,3,neutral,positive
spacexipo_210,spacexipo,0,neutral,positive
spacexipo_211,spacexipo,4,positive,positive
spacexipo_212,spacexipo,0,positive,positive
spacexipo_214,spacexipo,4,neutral,neutral
spacexipo_216,spacexipo,1,neutral,neutral
spacexipo_219,spacexipo,0,negative,negative
spacexipo_220,spacexipo,4,neutral,negative
spacexipo_221,spacexipo,0,neutral,neutral
spacexipo_222,spacexipo,4,positive,positive
spacexipo_224,spacexipo,0,neutral,neutral
spacexipo_225,spacexipo,1,negative,negative
spacexipo_226,spacexipo,3,neutral,neutral
spacexipo_227,spacexipo,9,neutral,neutral
spacexipo_228,spacexipo,0,neutral,positive
spacexipo_229,spacexipo,1,negative,negative
spacexipo_230,spacexipo,3,neutral,neutral
spacexipo_231,spacexipo,9,negative,negative
spacexipo_232,spacexipo,3,negative,negative
spacexipo_233,spacexipo,9,neutral,neutral
spacexipo_234,spacexipo,3,neutral,neutral
spacexipo_235,spacexipo,4,negative,negative
spacexipo_236,spacexipo,9,neutral,positive
spacexipo_237,spacexipo,9,neutral,neutral
spacexipo_239,spacexipo,0,positive,positive
spacexipo_240,spacexipo,9,neutral,neutral
spacexipo_241,spacexipo,9,negative,negative
spacexipo_243,spacexipo,1,neutral,neutral
spacexipo_244,spacexipo,3,negative,neutral
spacexipo_245,spacexipo,3,neutral,neutral
spacexipo_246,spacexipo,1,negative,negative
spacexipo_247,spacexipo,3,negative,negative
spacexipo_248,spacexipo,4,neutral,neutral
spacexipo_249,spacexipo,9,positive,positive
spacexipo_250,spacexipo,3,positive,positive
spacexipo_251,spacexipo,9,positive,positive
spacexipo_252,spacexipo,4,positive,positive
spacexipo_254,spacexipo,9,negative,negative
spacexipo_257,spacexipo,3,neutral,neutral
spacexipo_258,spacexipo,1,neutral,neutral
spacexipo_259,spacexipo,1,neutral,neutral
spacexipo_260,spacexipo,9,neutral,neutral
spacexipo_261,spacexipo,3,positive,positive
spacexipo_262,spacexipo,3,positive,positive
spacexipo_268,spacexipo,0,neutral,neutral
spacexipo_270,spacexipo,0,negative,negative
spacexipo_271,spacexipo,9,negative,negative
spacexipo_272,spacexipo,0,negative,negative
spacexipo_276,spacexipo,0,neutral,positive
spacexipo_277,spacexipo,9,positive,positive
spacexipo_280,spacexipo,4,neutral,neutral
spacexipo_281,spacexipo,1,positive,positive
spacexipo_285,spacexipo,0,positive,positive
spacexipo_304,spacexipo,1,neutral,neutral
spacexipo_328,spacexipo,0,negative,negative
spacexipo_330,spacexipo,1,positive,positive
spacexipo_337,spacexipo,4,positive,positive
spacexipo_339,spacexipo,9,negative,negative
spacexipo_348,spacexipo,9,neutral,neutral
spacexipo_349,spacexipo,0,neutral,neutral
spacexipo_353,spacexipo,0,negative,negative
spacexipo_354,spacexipo,0,negative,negative
spacexipo_355,spacexipo,3,negative,negative
spacexipo_361,spacexipo,1,negative,negative
spacexipo_362,spacexipo,3,negative,negative
spacexipo_364,spacexipo,4,negative,negative
spacexipo_365,spacexipo,4,negative,negative
spacexipo_370,spacexipo,0,positive,positive
spacexipo_374,spacexipo,0,neutral,neutral
spacexipo_375,spacexipo,0,neutral,neutral
spacexipo_376,spacexipo,4,negative,negative
spacexipo_377,spacexipo,4,negative,negative
spacexipo_378,spacexipo,9,negative,negative
spacexipo_379,spacexipo,0,negative,negative
spacexipo_380,spacexipo,1,negative,negative
spacexipo_381,spacexipo,3,negative,negative
spacexipo_396,spacexipo,1,neutral,neutral
spacexipo_398,spacexipo,4,negative,negative
spacexipo_400,spacexipo,0,neutral,negative
spacexipo_405,spacexipo,9,negative,negative
spacexipo_406,spacexipo,3,negative,negative
spacexipo_407,spacexipo,9,neutral,neutral
spacexipo_408,spacexipo,9,negative,negative
spacexipo_410,spacexipo,3,negative,negative
spacexipo_411,spacexipo,1,negative,negative
spacexipo_412,spacexipo,4,negative,negative
spacexipo_413,spacexipo,3,negative,negative
spacexipo_414,spacexipo,3,negative,negative
spacexipo_415,spacexipo,3,negative,negative
spacexipo_416,spacexipo,4,negative,negative
spacexipo_417,spacexipo,3,negative,negative
spacexipo_420,spacexipo,4,negative,negative
spacexipo_423,spacexipo,4,positive,positive
spacexipo_424,spacexipo,4,positive,positive
spacexipo_426,spacexipo,4,positive,positive
spacexipo_427,spacexipo,3,negative,negative
spacexipo_429,spacexipo,4,positive,positive
spacexipo_430,spacexipo,9,positive,positive
spacexipo_442,spacexipo,9,negative,negative
spacexipo_443,spacexipo,4,negative,negative
spacexipo_444,spacexipo,3,negative,negative
spacexipo_445,spacexipo,9,negative,negative
spacexipo_446,spacexipo,4,negative,negative
spacexipo_447,spacexipo,9,negative,negative
spacexipo_450,spacexipo,4,positive,positive
spacexipo_451,spacexipo,3,positive,positive
spacexipo_454,spacexipo,3,negative,negative
spacexipo_455,spacexipo,9,neutral,neutral
spacexipo_456,spacexipo,4,neutral,negative
spacexipo_457,spacexipo,0,neutral,neutral
spacexipo_458,spacexipo,0,neutral,neutral
spacexipo_461,spacexipo,1,negative,neutral
spacexipo_463,spacexipo,0,neutral,neutral
spacexipo_464,spacexipo,3,neutral,neutral
spacexipo_465,spacexipo,3,neutral,neutral
spacexipo_469,spacexipo,9,negative,negative
spacexipo_471,spacexipo,3,negative,negative
spacexipo_473,spacexipo,4,negative,negative
spacexipo_474,spacexipo,4,negative,negative
spacexipo_475,spacexipo,1,negative,negative
spacexipo_476,spacexipo,0,negative,negative
spacexipo_477,spacexipo,4,neutral,negative
spacexipo_478,spacexipo,0,negative,negative
spacexipo_483,spacexipo,3,negative,negative
spacexipo_484,spacexipo,0,neutral,neutral
spacexipo_488,spacexipo,4,negative,negative
spacexipo_489,spacexipo,1,negative,negative
spacexipo_490,spacexipo,0,negative,negative
spacexipo_516,spacexipo,3,positive,positive
spacexipo_520,spacexipo,0,positive,positive
spacexipo_524,spacexipo,3,negative,positive
spacexipo_525,spacexipo,3,negative,positive
spacexipo_529,spacexipo,9,positive,positive
spacexipo_530,spacexipo,9,negative,negative
spacexipo_533,spacexipo,1,negative,negative
spacexipo_538,spacexipo,0,neutral,neutral
spacexipo_539,spacexipo,4,positive,positive
spacexipo_541,spacexipo,9,negative,negative
spacexipo_542,spacexipo,0,negative,negative
spacexipo_543,spacexipo,0,negative,negative
spacexipo_544,spacexipo,0,positive,positive
spacexipo_559,spacexipo,9,negative,negative
spacexipo_560,spacexipo,0,negative,negative
spacexipo_562,spacexipo,1,positive,positive
spacexipo_563,spacexipo,4,positive,positive
spacexipo_564,spacexipo,4,negative,negative
spacexipo_566,spacexipo,3,negative,negative
spacexipo_567,spacexipo,4,negative,negative
spacexipo_571,spacexipo,0,positive,positive
spacexipo_572,spacexipo,1,neutral,neutral
spacexipo_573,spacexipo,4,neutral,neutral
spacexipo_574,spacexipo,4,neutral,neutral
spacexipo_575,spacexipo,0,neutral,neutral
spacexipo_576,spacexipo,1,neutral,neutral
spacexipo_584,spacexipo,4,negative,negative
